sireID,damID,Nsegsnps,predOf,Trait,predMean,predSD,predUsefulness,type
1,BR-18GS-085-83,BR-18GS-001-3,3586,BV,SELIND,46.6684178540568,8.44034367762471,69.2041354733148,FALSE
2,BR-21GS-C3-287-9,BR-18GS-085-83,3729,BV,SELIND,47.3972177411916,7.33503305225291,66.9817559907068,FALSE
3,BR-21GS-C3-287-9,BR-18GS-001-3,3246,BV,SELIND,46.8678594206144,7.42032634074942,66.6801307504153,FALSE
4,BR-18GS-085-83,BR-18GS-034-21,3758,BV,SELIND,43.4841757631458,8.28165719704919,65.5962004792672,FALSE
5,BR-18GS-085-83,BR-19GS-063-59,3850,BV,SELIND,45.3601316996821,7.57075293964094,65.5740420485234,FALSE
6,BR-18GS-085-83,BR-19GS-030-39,3903,BV,SELIND,44.5554855582448,7.77158298491584,65.3056121279701,FALSE
7,BR-18GS-001-3,BR-18GS-034-21,3954,BV,SELIND,42.9548174425686,8.3572949603932,65.2687949868185,FALSE
8,BR-18GS-001-3,BR-19GS-063-59,3548,BV,SELIND,44.8307733791049,7.65341970616136,65.2654039945557,FALSE
9,BR-18GS-001-3,BR-19GS-030-39,3541,BV,SELIND,44.0261272376676,7.85213571055738,64.9913295848558,FALSE
10,BR-18GS-085-83,BR-18GS-059-43,3446,BV,SELIND,45.2308436125614,7.38410615909351,64.946407057341,FALSE
11,BR-18GS-085-83,BGM-0048,3796,BV,SELIND,42.426826505697,8.40125607145097,64.8581802164711,FALSE
12,BR-18GS-001-3,BR-18GS-059-43,3276,BV,SELIND,44.7014852919842,7.46883905934113,64.643285580425,FALSE
13,BR-18GS-085-83,BR-19GS-113-8,3757,BV,SELIND,44.8658677930723,7.40308174626278,64.632096055594,FALSE
14,BR-18GS-085-83,BR-18GS-098-1,3877,BV,SELIND,44.1968816223321,7.64560265005228,64.6106406979717,FALSE
15,BR-18GS-085-83,BR-18GS-111-57,3963,BV,SELIND,42.9354871678143,8.11206995372787,64.5947139442677,FALSE
16,BR-18GS-085-83,BR-21GS-C3-069-3,3778,BV,SELIND,44.1574172024421,7.63403890767036,64.540301085922,FALSE
17,BR-18GS-001-3,BGM-0048,3488,BV,SELIND,41.8974681851198,8.47582660887237,64.5279252308091,FALSE
18,BR-18GS-085-83,BR-18GS-034-27,3628,BV,SELIND,43.5949477761745,7.81884418936047,64.471261761767,FALSE
19,BR-18GS-001-3,BR-19GS-113-8,3235,BV,SELIND,44.3365094724951,7.48759991368571,64.328401242036,FALSE
20,BR-18GS-001-3,BR-18GS-098-1,3709,BV,SELIND,43.6675233017549,7.72746873226049,64.2998648168904,FALSE
21,BR-18GS-001-3,BR-18GS-111-57,3870,BV,SELIND,42.406128847237,8.18927420836252,64.271490983565,FALSE
22,BR-18GS-001-3,BR-21GS-C3-069-3,3623,BV,SELIND,43.6280588818649,7.71602768070475,64.2298527893466,FALSE
23,BR-18GS-001-3,BR-18GS-034-27,3986,BV,SELIND,43.0655894555973,7.89891496239028,64.1556924051794,FALSE
24,BR-18GS-085-83,BR-18GS-059-29,3654,BV,SELIND,42.2730615870572,8.19080210446529,64.1425032059795,FALSE
25,BR-18GS-085-83,BR-21GS-C3-286-1,3728,BV,SELIND,43.7031592884452,7.55672139643879,63.8796054169368,FALSE
26,BR-18GS-085-83,BR-18GS-084-34,3568,BV,SELIND,43.2377701550179,7.71365658214314,63.8332332293401,FALSE
27,BR-18GS-001-3,BR-18GS-059-29,3372,BV,SELIND,41.74370326648,8.26727114833487,63.8173172325341,FALSE
28,BR-18GS-085-83,BGM-0049,4369,BV,SELIND,42.9821932626689,7.78275007576277,63.7621359649555,FALSE
29,BR-18GS-001-3,BR-21GS-C3-286-1,3405,BV,SELIND,43.173800967868,7.63953999851907,63.5713727639139,FALSE
30,BR-18GS-001-3,BR-18GS-084-34,3732,BV,SELIND,42.7084118344407,7.79480795099002,63.5205490635841,FALSE
31,BR-18GS-001-3,BGM-0049,4117,BV,SELIND,42.4528349420917,7.86318840339989,63.4475479791694,FALSE
32,BR-18GS-085-83,BR-18GS-109-17,3555,BV,SELIND,42.240622602146,7.86899195868405,63.2508311318324,FALSE
33,BR-18GS-085-83,BGM-1023,4271,BV,SELIND,42.9257202506495,7.54420890148067,63.0687580176029,FALSE
34,BR-18GS-085-83,BGM-1156,3796,BV,SELIND,40.9279681980064,8.28755746474596,63.0557466288782,FALSE
35,BR-21GS-C3-287-9,BR-18GS-034-21,3815,BV,SELIND,43.6836173297034,7.23931540521871,63.0125894616373,FALSE
36,BR-18GS-085-83,BR-18GS-109-10,3641,BV,SELIND,40.3348852055222,8.48595348977099,62.9923810232107,FALSE
37,BR-18GS-085-83,BGM-1527,4292,BV,SELIND,43.4197546135022,7.32655246143401,62.981649685531,FALSE
38,BR-18GS-001-3,BR-18GS-109-17,3396,BV,SELIND,41.7112642815688,7.94855757803963,62.9339130149346,FALSE
39,BR-18GS-085-83,BR-21GS-C3-292-15,3740,BV,SELIND,41.0812389811619,8.18290406764205,62.9295928417662,FALSE
40,BR-18GS-085-83,Guaira-Falsa,3970,BV,SELIND,42.7924119636904,7.49235434802993,62.7969980729304,FALSE
41,BR-18GS-085-83,BR-18GS-059-48,3590,BV,SELIND,40.7493411292261,8.25236588697998,62.7831580474627,FALSE
42,BR-18GS-001-3,BGM-1023,4146,BV,SELIND,42.3963619300723,7.62716337013684,62.7608881283377,FALSE
43,BR-18GS-001-3,BGM-1156,3492,BV,SELIND,40.3986098774292,8.36314186517504,62.7281986574466,FALSE
44,BR-21GS-C3-287-9,BR-19GS-063-59,3416,BV,SELIND,45.5595732662396,6.41390221938893,62.6846921920081,FALSE
45,BR-18GS-085-83,Aipim-Preto-Joselito,3979,BV,SELIND,43.3119676733482,7.2545137997122,62.6815195185797,FALSE
46,BR-18GS-001-3,BGM-1527,4176,BV,SELIND,42.890396292925,7.41194334137288,62.6802850143906,FALSE
47,BR-18GS-001-3,BR-18GS-109-10,3405,BV,SELIND,39.805526884945,8.55978619803868,62.6601560337082,FALSE
48,BR-18GS-001-3,BR-21GS-C3-292-15,3277,BV,SELIND,40.5518806605847,8.25944623481562,62.6046021075424,FALSE
49,BR-18GS-085-83,BGM-0039,4380,BV,SELIND,41.8366287574393,7.75763462074095,62.5495131948176,FALSE
50,BR-21GS-C3-287-9,BR-19GS-030-39,3382,BV,SELIND,44.7549271248024,6.64976267984307,62.5097934799834,FALSE
51,BR-18GS-085-83,BR-21GS-C3-103-5,3858,BV,SELIND,43.3829399678073,7.16102530210655,62.5028775244318,FALSE
52,BR-18GS-001-3,Guaira-Falsa,3819,BV,SELIND,42.2630536431132,7.57587663587654,62.4906442609036,FALSE
53,BR-18GS-001-3,BR-18GS-059-48,3409,BV,SELIND,40.2199828086489,8.32826967972147,62.4564628535053,FALSE
54,BR-18GS-085-83,BR-19GS-030-15,3840,BV,SELIND,40.7589343748678,8.11881720340462,62.4361763079581,FALSE
55,BR-18GS-001-3,Aipim-Preto-Joselito,3856,BV,SELIND,42.782609352771,7.34074271418034,62.3823923996325,FALSE
56,BR-18GS-085-83,BGM-2289,4034,BV,SELIND,40.2039940386409,8.30346325099067,62.3742409187859,FALSE
57,BR-18GS-085-83,BR-19GS-030-38,3914,BV,SELIND,42.7757301394129,7.3371421281087,62.3658996214631,FALSE
58,BR-18GS-085-83,BR-21GS-C3-056-2,3790,BV,SELIND,43.4654004156764,7.07553260937762,62.3570724827146,FALSE
59,BR-18GS-085-83,BR-21GS-C3-175-75,3872,BV,SELIND,41.2801567415899,7.88851410154095,62.3424893927043,FALSE
60,BR-21GS-C3-287-9,BGM-0048,3466,BV,SELIND,42.6262680722546,7.37583521947801,62.3197481082609,FALSE
61,BR-18GS-085-83,BR-21GS-C3-130-4,3630,BV,SELIND,42.2026035660365,7.51797987205372,62.27560982442,FALSE
62,BR-18GS-001-3,BGM-0039,4138,BV,SELIND,41.3072704368621,7.83833069183073,62.2356133840501,FALSE
63,BR-18GS-085-83,BR-18GS-001-26,3791,BV,SELIND,41.059340238843,7.92450479121881,62.2177680313972,FALSE
64,BR-18GS-001-3,BR-21GS-C3-103-5,3623,BV,SELIND,42.8535816472301,7.24836647134976,62.206720125734,FALSE
65,BR-18GS-085-83,BGM-1489,4332,BV,SELIND,42.2449625469969,7.47042585775816,62.1909995872112,FALSE
66,BR-18GS-085-83,BR-18GS-059-73,3505,BV,SELIND,41.4059977640745,7.78161051679787,62.1828978439248,FALSE
67,BR-18GS-085-83,BR-19GS-030-10,3790,BV,SELIND,41.407504404792,7.77791687032047,62.1745424485477,FALSE
68,BR-18GS-085-83,BR-21GS-C3-133-1,3793,BV,SELIND,42.191934312113,7.48404228326284,62.1743272084248,FALSE
69,BR-18GS-085-83,BGM-1024,4300,BV,SELIND,42.496662713424,7.35611894990004,62.1375003096571,FALSE
70,BR-18GS-001-3,BR-19GS-030-15,3626,BV,SELIND,40.2295760542906,8.19595790056757,62.112783648806,FALSE
71,BR-18GS-085-83,BR-18GS-131-17,3527,BV,SELIND,43.2456116422562,7.06012523997924,62.0961460330008,FALSE
72,BR-18GS-085-83,BGM-0018,4280,BV,SELIND,40.8896284152584,7.93158178381201,62.0669517780364,FALSE
73,BR-18GS-001-3,BR-19GS-030-38,3580,BV,SELIND,42.2463718188357,7.42241118058307,62.0642096709925,FALSE
74,BR-18GS-001-3,BR-21GS-C3-056-2,3624,BV,SELIND,42.9360420950992,7.163916165893,62.0636982580335,FALSE
75,BR-18GS-001-3,BGM-2289,3336,BV,SELIND,39.6746357180637,8.37890416976645,62.0463098513401,FALSE
76,BR-18GS-001-3,BR-21GS-C3-175-75,3566,BV,SELIND,40.7507984210128,7.96788477927407,62.0250507816745,FALSE
77,BR-18GS-001-3,BR-21GS-C3-130-4,3307,BV,SELIND,41.6732452454593,7.60122059160119,61.9685042250345,FALSE
78,BR-21GS-C3-287-9,BR-18GS-059-43,3273,BV,SELIND,45.4302851791189,6.19248458823782,61.9642190297139,FALSE
79,BR-21GS-C3-287-9,BR-18GS-111-57,3801,BV,SELIND,43.1349287343718,7.04468030083515,61.9442251376017,FALSE
80,BR-18GS-085-83,BR-18GS-085-84,3387,BV,SELIND,42.5687941595677,7.25504534692339,61.9397652358532,FALSE
81,BR-18GS-085-83,BR-21GS-C3-217-6,3850,BV,SELIND,41.5581711026525,7.62332191932433,61.9124406272485,FALSE
82,BR-18GS-085-83,BR-21GS-C3-265-9,3746,BV,SELIND,39.5620983615493,8.37045161856413,61.9112041831155,FALSE
83,BR-18GS-085-83,BR-18GS-085-161,3448,BV,SELIND,40.6291738053807,7.96899059917058,61.9063787051661,FALSE
84,BR-18GS-001-3,BR-18GS-001-26,3347,BV,SELIND,40.5299819182658,8.00351855821094,61.899376468689,FALSE
85,BR-18GS-001-3,BGM-1489,4234,BV,SELIND,41.7156042264197,7.55419060004702,61.8852931285452,FALSE
86,BR-18GS-085-83,BR-19GS-153-2,4003,BV,SELIND,41.2027104217879,7.74532267885126,61.8827219743207,FALSE
87,BR-18GS-001-3,BR-18GS-059-73,3360,BV,SELIND,40.8766394434973,7.86206050350137,61.868340987846,FALSE
88,BR-18GS-001-3,BR-21GS-C3-133-1,3197,BV,SELIND,41.6625759915358,7.56765630979917,61.8682183386996,FALSE
89,BR-18GS-001-3,BR-19GS-030-10,3487,BV,SELIND,40.8781460842148,7.85840467061813,61.8600865547652,FALSE
90,BR-18GS-085-83,BR-18GS-134-29,3939,BV,SELIND,42.6687008302845,7.18114332424681,61.8423535060235,FALSE
91,BR-18GS-001-3,BGM-1024,4170,BV,SELIND,41.9673043928468,7.44117054841881,61.8352297571251,FALSE
92,BR-18GS-001-3,BR-18GS-131-17,3309,BV,SELIND,42.716253321679,7.1486992893651,61.8032804242838,FALSE
93,BR-21GS-C3-287-9,BR-18GS-098-1,3619,BV,SELIND,44.3963231888897,6.50208285776848,61.7568844191316,FALSE
94,BR-18GS-001-3,BGM-0018,4204,BV,SELIND,40.3602700946812,8.01052574547237,61.7483738350924,FALSE
95,BR-18GS-085-83,BR-21GS-C3-286-31,3571,BV,SELIND,40.2108475549243,8.05600474377317,61.7203802207986,FALSE
96,BR-21GS-C3-287-9,BR-18GS-034-27,3744,BV,SELIND,43.7943893427321,6.70493594781458,61.696568323397,FALSE
97,BR-21GS-C3-287-9,BR-21GS-C3-069-3,3469,BV,SELIND,44.3568587689997,6.48848145952697,61.6811042659367,FALSE
98,BR-18GS-085-83,BR-18GS-001-1,3693,BV,SELIND,39.4056265519493,8.34196275639243,61.6786671115171,FALSE
99,BR-18GS-085-83,BR-18GS-129-36,3565,BV,SELIND,40.3897680818933,7.96715371681129,61.6620685057794,FALSE
100,BR-21GS-C3-287-9,BR-19GS-113-8,3273,BV,SELIND,45.0653093596299,6.21509943191977,61.6596248428557,FALSE
101,BR-18GS-001-3,BR-18GS-085-84,3615,BV,SELIND,42.0394358389905,7.34126801795792,61.6406214469382,FALSE
102,BR-18GS-085-83,BR-21GS-C3-293-3,3913,BV,SELIND,40.7836675641596,7.80299151374374,61.6176549058554,FALSE
103,BR-19GS-063-59,BR-18GS-034-21,3831,BV,SELIND,41.6465312881939,7.47805307093205,61.6129329875825,FALSE
104,BR-18GS-001-3,BR-21GS-C3-217-6,3520,BV,SELIND,41.0288127820753,7.70542472620607,61.6022968010455,FALSE
105,BR-18GS-085-83,BR-18GS-085-3,3320,BV,SELIND,39.1740212489376,8.3967333522077,61.5932992993322,FALSE
106,BR-18GS-001-3,BR-18GS-085-161,3553,BV,SELIND,40.0998154848035,8.04756760116037,61.5868209799017,FALSE
107,BR-18GS-001-3,BR-21GS-C3-265-9,3357,BV,SELIND,39.0327400409721,8.44529415854178,61.5816754442786,FALSE
108,BR-18GS-085-83,BR-19GS-048-2,3752,BV,SELIND,39.4189044975154,8.30032108616621,61.5807617975792,FALSE
109,BR-18GS-085-83,BR-21GS-C3-061-27,3804,BV,SELIND,40.9681105230374,7.71981555442872,61.5800180533621,FALSE
110,BR-18GS-001-3,BR-19GS-153-2,3644,BV,SELIND,40.6733521012107,7.82614570047764,61.569161121486,FALSE
111,BR-18GS-085-83,BR-21GS-C3-286-5,3680,BV,SELIND,41.5251548477719,7.50697792401321,61.5687859048872,FALSE
112,BR-18GS-085-83,BR-18GS-129-58,3702,BV,SELIND,40.9873562784392,7.70610812323498,61.5626649674766,FALSE
113,BR-18GS-001-3,BR-18GS-134-29,3783,BV,SELIND,42.1393425097073,7.26824274284724,61.5455506331095,FALSE
114,BR-21GS-C3-287-9,BR-18GS-059-29,3440,BV,SELIND,42.4725031536148,7.13520011781823,61.5234874681894,FALSE
115,BR-18GS-085-83,BR-18GS-085-144,3357,BV,SELIND,41.1606992134241,7.62487400252386,61.5191128001628,FALSE
116,BR-18GS-085-83,BR-18GS-034-29,3697,BV,SELIND,39.2568555962795,8.33680493102311,61.5161247621112,FALSE
117,BR-18GS-085-83,BR-21GS-C3-104-63,3655,BV,SELIND,42.2858786752608,7.1916420100706,61.4875628421493,FALSE
118,BR-18GS-085-83,BR-18GS-109-23,3591,BV,SELIND,39.6702961973245,8.1482080500997,61.4260116910907,FALSE
119,BR-18GS-085-83,BGM-0144,4232,BV,SELIND,40.8693511263324,7.69144171651524,61.4055005094281,FALSE
120,BR-18GS-001-3,BR-21GS-C3-286-31,3426,BV,SELIND,39.681489234347,8.13374117840449,61.398578180687,FALSE
121,BR-18GS-085-83,BR-18GS-085-38,3497,BV,SELIND,37.9938949929689,8.74858828705858,61.3526257194154,FALSE
122,BR-19GS-030-39,BR-18GS-034-21,3792,BV,SELIND,40.8418851467567,7.68130716415036,61.3509752750381,FALSE
123,BR-18GS-001-3,BR-18GS-001-1,3172,BV,SELIND,38.8762682313721,8.4170586165605,61.3498147375886,FALSE
124,BR-18GS-001-3,BR-18GS-129-36,3789,BV,SELIND,39.8604097613161,8.04574865832118,61.3425586790336,FALSE
125,BR-18GS-085-83,BR-21GS-C3-106-5,3782,BV,SELIND,42.4848248717323,7.05676010988308,61.3263743651201,FALSE
126,BR-18GS-001-3,BR-21GS-C3-293-3,3607,BV,SELIND,40.2543092435824,7.88322330580162,61.3025154700728,FALSE
127,BR-18GS-085-83,BR-18GS-099-32,3686,BV,SELIND,41.1661247109649,7.54101595830867,61.3006373196491,FALSE
128,BR-18GS-001-3,BR-21GS-C3-061-27,3492,BV,SELIND,40.4387522024602,7.80090285287393,61.2671628196336,FALSE
129,BR-18GS-001-3,BR-18GS-085-3,3799,BV,SELIND,38.6446629283604,8.47134370177803,61.2631506121077,FALSE
130,BR-18GS-001-3,BR-21GS-C3-286-5,3399,BV,SELIND,40.9957965271947,7.59033929921441,61.2620024560972,FALSE
131,BR-18GS-001-3,BR-19GS-048-2,3658,BV,SELIND,38.8895461769382,8.37579030653421,61.2529062953846,FALSE
132,BR-18GS-001-3,BR-18GS-129-58,3877,BV,SELIND,40.457997957862,7.78733815450217,61.2501908303828,FALSE
133,BR-18GS-085-83,BR-21GS-C3-104-13,3606,BV,SELIND,42.0501195487487,7.18857555105746,61.2436162700721,FALSE
134,BR-18GS-085-83,BR-18GS-034-18,3793,BV,SELIND,38.3306874158106,8.57230911045361,61.2187527407218,FALSE
135,BR-18GS-001-3,BR-18GS-085-144,3656,BV,SELIND,40.6313408928469,7.70696027496842,61.2089248270125,FALSE
136,BR-18GS-001-3,BR-21GS-C3-104-63,3451,BV,SELIND,41.7565203546836,7.27861579742944,61.1904245338202,FALSE
137,BR-18GS-001-3,BR-18GS-034-29,3787,BV,SELIND,38.7274972757023,8.41194683670244,61.1873953296979,FALSE
138,BR-19GS-063-59,BR-19GS-030-39,3036,BV,SELIND,42.7178410832929,6.90890251007155,61.164610785184,FALSE
139,BR-18GS-085-83,BR-21GS-C3-104-33,3796,BV,SELIND,41.1453538589526,7.49081120539989,61.1458197773703,FALSE
140,BR-18GS-085-83,BR-18GS-001-14,3670,BV,SELIND,41.1877877532234,7.46174575156826,61.1106489099107,FALSE
141,BR-18GS-001-3,BR-18GS-109-23,3479,BV,SELIND,39.1409378767473,8.22507310321839,61.1018830623404,FALSE
142,BR-18GS-001-3,BGM-0144,3800,BV,SELIND,40.3399928057552,7.77282502080987,61.0934356113176,FALSE
143,BR-18GS-085-83,BR-21GS-C3-057-29,3644,BV,SELIND,40.716144830355,7.63152232408976,61.0923094356747,FALSE
144,BR-18GS-085-83,BGM-1371,4307,BV,SELIND,42.3982551604598,6.98948476087388,61.060179471993,FALSE
145,BR-18GS-085-83,BR-21GS-C3-286-8,3969,BV,SELIND,37.7572325811493,8.72676563962687,61.0576968389531,FALSE
146,BR-18GS-085-83,BGM-0140,4220,BV,SELIND,40.5127640933539,7.69369326567967,61.0549251127186,FALSE
147,BR-18GS-085-83,BR-18GS-001-23,3612,BV,SELIND,37.399902545011,8.85354846341712,61.0388769423347,FALSE
148,BR-18GS-001-3,BR-21GS-C3-106-5,3552,BV,SELIND,41.9554665511551,7.14537587352926,61.0336201334783,FALSE
149,BR-18GS-085-83,BR-18GS-059-62,3411,BV,SELIND,38.0238245561063,8.61159329462732,61.0167786527612,FALSE
150,BR-18GS-001-3,BR-18GS-085-38,3675,BV,SELIND,37.4645366723917,8.82022279435365,61.014531533316,FALSE
151,BR-21GS-C3-287-9,BR-18GS-084-34,3662,BV,SELIND,43.4372117215755,6.58197078951589,61.0110737295829,FALSE
152,BR-18GS-001-3,BR-18GS-099-32,3544,BV,SELIND,40.6367663903877,7.62400516848218,60.9928601902351,FALSE
153,BR-21GS-C3-287-9,BR-21GS-C3-286-1,3173,BV,SELIND,43.9026008550028,6.39733380950189,60.9834821263728,FALSE
154,BR-18GS-059-43,BR-18GS-034-21,3859,BV,SELIND,41.5172432010732,7.28903295556804,60.9789611924399,FALSE
155,BR-21GS-C3-287-9,BGM-0049,4051,BV,SELIND,43.1816348292265,6.66281024407762,60.9713381809137,FALSE
156,BR-18GS-001-3,BR-21GS-C3-104-13,3350,BV,SELIND,41.5207612281715,7.27558599556339,60.9465758363258,FALSE
157,BR-18GS-034-21,BGM-0048,3996,BV,SELIND,38.7132260942089,8.31781709564992,60.9217977395942,FALSE
158,BR-19GS-063-59,BGM-0048,3660,BV,SELIND,40.5891820307451,7.61029141231343,60.908660101622,FALSE
159,BR-18GS-085-83,BR-21GS-C3-162-17,3763,BV,SELIND,38.8560257495596,8.2537223657942,60.8934644662301,FALSE
160,BR-18GS-001-3,BR-18GS-034-18,3798,BV,SELIND,37.8013290952334,8.64540436363407,60.8845587461364,FALSE
161,BR-18GS-085-83,BR-21GS-C3-251-3,3740,BV,SELIND,40.2382356727814,7.72911097800792,60.8749619840625,FALSE
162,BR-18GS-085-83,BR-18GS-085-145,3447,BV,SELIND,39.4441926555365,8.02333625443953,60.86650045489,FALSE
163,BR-18GS-085-83,BR-21GS-C3-133-4,3742,BV,SELIND,40.6472253469116,7.56451184353238,60.844471969143,FALSE
164,BR-18GS-085-83,BR-21GS-C3-061-1,3736,BV,SELIND,40.7577206429168,7.52208839339631,60.8416966532849,FALSE
165,BR-18GS-001-3,BR-21GS-C3-104-33,3481,BV,SELIND,40.6159955383754,7.57435050948407,60.8395113986978,FALSE
166,BR-18GS-085-83,BR-18GS-001-31,3623,BV,SELIND,38.8135706208196,8.24392439160762,60.824848746412,FALSE
167,BR-18GS-085-83,BR-21GS-C3-055-8,3677,BV,SELIND,41.1887253642835,7.35217340520006,60.8190283561677,FALSE
168,BR-18GS-001-3,BR-18GS-001-14,3315,BV,SELIND,40.6584294326462,7.54560685343624,60.805199731321,FALSE
169,BR-18GS-085-83,BR-18GS-059-9,3587,BV,SELIND,40.9958708287849,7.4106777658947,60.7823804637237,FALSE
170,BR-18GS-001-3,BR-21GS-C3-057-29,3534,BV,SELIND,40.1867865097778,7.71353784645265,60.7819325598064,FALSE
171,BR-18GS-001-3,BGM-1371,4215,BV,SELIND,41.8688968398826,7.0789427422508,60.7696739616922,FALSE
172,BR-18GS-085-83,BR-18GS-001-21,3667,BV,SELIND,38.9160787590437,8.1839435085357,60.7672079268341,FALSE
173,BR-18GS-001-3,BGM-0140,4266,BV,SELIND,39.9834057727767,7.77505300251656,60.7427972894959,FALSE
174,BR-18GS-001-3,BR-21GS-C3-286-8,3556,BV,SELIND,37.2278742605721,8.79857781999734,60.720077039965,FALSE
175,BR-18GS-085-83,BR-21GS-C3-059-15,3711,BV,SELIND,40.9653945298036,7.39112513430072,60.6996986383865,FALSE
176,BR-18GS-001-3,BR-18GS-001-23,3150,BV,SELIND,36.8705442244338,8.92434050894814,60.6985333833253,FALSE
177,BR-18GS-001-3,BR-18GS-059-62,3223,BV,SELIND,37.4944662355291,8.68435790359006,60.6817018381146,FALSE
178,BR-19GS-063-59,BR-18GS-059-43,3487,BV,SELIND,43.3931991376094,6.4699656545458,60.6680074352467,FALSE
179,BR-19GS-113-8,BR-18GS-034-21,3830,BV,SELIND,41.1522673815842,7.30825540060304,60.6653093011943,FALSE
180,BR-18GS-098-1,BR-18GS-034-21,4050,BV,SELIND,40.483281210844,7.55382138662814,60.6519843131411,FALSE
181,BR-18GS-034-21,BR-18GS-111-57,4140,BV,SELIND,39.2218867563261,8.02562499701853,60.6503054983656,FALSE
182,BR-19GS-030-39,BGM-0048,3704,BV,SELIND,39.7845358893079,7.81010482635687,60.6375157756807,FALSE
183,BR-18GS-085-83,BR-18GS-097-3,3935,BV,SELIND,41.7211064458864,7.08369757424454,60.6345789691193,FALSE
184,BR-21GS-C3-069-3,BR-18GS-034-21,3729,BV,SELIND,40.443816790954,7.54211692447281,60.5812689792964,FALSE
185,BR-18GS-001-3,BR-21GS-C3-162-17,3550,BV,SELIND,38.3266674289824,8.32961379760121,60.5667362685776,FALSE
186,BR-18GS-085-83,BR-21GS-C3-296-2,3874,BV,SELIND,41.47448923379,7.14905121705912,60.5624559833378,FALSE
187,BR-18GS-001-3,BR-21GS-C3-251-3,3634,BV,SELIND,39.7088773522042,7.81010176860324,60.5618490743749,FALSE
188,BR-19GS-063-59,BR-18GS-111-57,3875,BV,SELIND,41.0978426928623,7.28979497217954,60.5615952685817,FALSE
189,BR-18GS-001-3,BR-18GS-085-145,3528,BV,SELIND,38.9148343349593,8.10138616394631,60.5455353926959,FALSE
190,BR-18GS-001-3,BR-21GS-C3-133-4,3181,BV,SELIND,40.1178670263344,7.64724607662907,60.536014050934,FALSE
191,BR-18GS-001-3,BR-21GS-C3-061-1,3398,BV,SELIND,40.2283623223396,7.60528414483276,60.5344709890431,FALSE
192,BR-18GS-085-83,BR-18GS-085-53,3243,BV,SELIND,40.4022713850939,7.5398479954938,60.5336655330623,FALSE
193,BR-18GS-034-27,BR-18GS-034-21,3447,BV,SELIND,39.8813473646864,7.7291203973085,60.5180988255,FALSE
194,BR-18GS-001-3,BR-21GS-C3-055-8,3415,BV,SELIND,40.6593670437063,7.43727012456238,60.5168782762879,FALSE
195,BR-18GS-085-83,BR-21GS-C3-288-30,3824,BV,SELIND,40.7763272104745,7.38914835409236,60.5053533159011,FALSE
196,BR-18GS-001-3,BR-18GS-001-31,3257,BV,SELIND,38.2842123002424,8.31990519778442,60.4983591783268,FALSE
197,BR-21GS-C3-287-9,BR-18GS-109-17,3524,BV,SELIND,42.4400641687035,6.76334799138966,60.4982033057139,FALSE
198,BR-18GS-085-83,BGM-1596,4357,BV,SELIND,40.4655162393212,7.50135838619093,60.494143130451,FALSE
199,BR-18GS-059-43,BR-19GS-030-39,3484,BV,SELIND,42.5885529961722,6.70385393556227,60.4878430041234,FALSE
200,BR-21GS-C3-287-9,BR-18GS-109-10,3428,BV,SELIND,40.5343267720797,7.47216489629055,60.4850070451755,FALSE
201,BR-18GS-001-3,BR-18GS-059-9,3214,BV,SELIND,40.4665125082077,7.49511027774129,60.4784569497769,FALSE
202,BR-21GS-C3-287-9,BGM-1156,3477,BV,SELIND,41.127409764564,7.24606447240616,60.4744019058885,FALSE
203,BR-18GS-085-83,BR-18GS-084-30,3482,BV,SELIND,40.2151430854217,7.58583317087452,60.4693176516567,FALSE
204,BR-18GS-085-83,BR-18GS-085-143,3392,BV,SELIND,38.1407399181245,8.36062320384838,60.4636038723997,FALSE
205,BR-18GS-085-83,BR-18GS-085-37,3393,BV,SELIND,39.6091713508224,7.80579744922442,60.4506505402516,FALSE
206,BR-18GS-085-83,BR-21GS-C3-162-13,3900,BV,SELIND,37.250817544954,8.68616087607484,60.4428670840738,FALSE
207,BR-18GS-001-3,BR-18GS-001-21,3351,BV,SELIND,38.3867204384665,8.26047604418054,60.4421914764286,FALSE
208,BR-19GS-063-59,BR-18GS-098-1,3793,BV,SELIND,42.3592371473802,6.76688049877682,60.4268080791143,FALSE
209,BR-18GS-085-83,BR-18GS-034-57,3689,BV,SELIND,41.1124120035779,7.22550607497551,60.4045132237625,FALSE
210,BR-18GS-001-3,BR-21GS-C3-059-15,3603,BV,SELIND,40.4360362092264,7.47577847962799,60.3963647498331,FALSE
211,BR-19GS-063-59,BR-19GS-113-8,3434,BV,SELIND,43.0282233181204,6.49161390904364,60.3608324552669,FALSE
212,BR-19GS-063-59,BR-21GS-C3-069-3,3567,BV,SELIND,42.3197727274902,6.75381239346079,60.3524518180305,FALSE
213,BR-18GS-085-83,BR-18GS-001-55,3673,BV,SELIND,38.5326117969731,8.17221871046444,60.3524357539131,FALSE
214,BR-19GS-063-59,BR-18GS-034-27,3819,BV,SELIND,41.7573033012226,6.9620224259719,60.3459031785676,FALSE
215,BR-18GS-001-3,BR-18GS-097-3,3825,BV,SELIND,41.1917481253092,7.17198051091433,60.3409360894504,FALSE
216,BR-18GS-085-83,BR-18GS-052-33,3692,BV,SELIND,38.7790755624685,8.07381857626046,60.336171161084,FALSE
217,BR-18GS-085-83,BR-21GS-C3-157-14,3773,BV,SELIND,39.7937811378657,7.68576947765582,60.3147856432068,FALSE
218,BR-19GS-030-39,BR-18GS-111-57,3945,BV,SELIND,40.2931965514251,7.49815395645925,60.3132676151713,FALSE
219,BR-21GS-C3-287-9,BR-21GS-C3-292-15,3126,BV,SELIND,41.2806805477195,7.12613223193572,60.3074536069878,FALSE
220,BR-18GS-085-83,BR-21GS-C3-288-28,3686,BV,SELIND,41.5032068167546,7.03597548222993,60.2892613543086,FALSE
221,BR-18GS-085-83,BGM-0815,4349,BV,SELIND,40.155312259119,7.54038866626856,60.288149998056,FALSE
222,BR-18GS-059-43,BGM-0048,3329,BV,SELIND,40.4598939436244,7.42463864952445,60.2836791378547,FALSE
223,BR-18GS-085-83,BR-21GS-C3-104-30,3581,BV,SELIND,38.9460583959425,7.99095572338852,60.2819101773898,FALSE
224,BR-18GS-001-3,BR-21GS-C3-296-2,3622,BV,SELIND,40.9451309132128,7.23653690861254,60.2666844592083,FALSE
225,BR-18GS-085-83,BR-21GS-C3-058-5,3597,BV,SELIND,38.2217205390454,8.24758786736809,60.2427801449182,FALSE
226,BR-18GS-085-83,BR-21GS-C3-114-5,3578,BV,SELIND,41.3709813679424,7.06471529926796,60.2337712169878,FALSE
227,BR-18GS-001-3,BR-18GS-085-53,3667,BV,SELIND,39.8729130645167,7.62284992117312,60.2259223540489,FALSE
228,BR-19GS-030-39,BR-18GS-098-1,3769,BV,SELIND,41.554591005943,6.99084213117972,60.2201394961928,FALSE
229,BR-18GS-085-83,BR-18GS-085-1,3397,BV,SELIND,36.1311288208352,9.02153600510171,60.2186299544568,FALSE
230,BR-18GS-085-83,BR-21GS-C3-201-1,3340,BV,SELIND,39.5497964573639,7.73670222503717,60.2067913982131,FALSE
231,BR-18GS-085-83,BGM-0022-TB,3623,BV,SELIND,41.3065004976834,7.07839240836809,60.2058082280262,FALSE
232,BR-18GS-001-3,BR-21GS-C3-288-30,3545,BV,SELIND,40.2469688898973,7.47382408973899,60.2020792095005,FALSE
233,BR-18GS-034-21,BR-18GS-059-29,4012,BV,SELIND,38.559461175569,8.1051968990955,60.200336896154,FALSE
234,BR-21GS-C3-287-9,BR-18GS-059-48,3418,BV,SELIND,40.9487826957837,7.20578825246699,60.1882373298706,FALSE
235,BR-18GS-001-3,BGM-1596,4188,BV,SELIND,39.936157918744,7.58478152379184,60.1875245872682,FALSE
236,BR-19GS-113-8,BR-19GS-030-39,3308,BV,SELIND,42.2235771766832,6.72474930108478,60.1786578105795,FALSE
237,BR-18GS-085-83,BR-18GS-034-35,3692,BV,SELIND,38.4262243915515,8.14672858239071,60.1779897065347,FALSE
238,BR-18GS-085-83,BR-18GS-102-11,3901,BV,SELIND,38.8610950375006,7.98171416820601,60.1722718666106,FALSE
239,BR-18GS-085-83,BR-21GS-C3-132-18,3654,BV,SELIND,40.2219497388533,7.47145585666926,60.1707368761603,FALSE
240,BR-21GS-C3-287-9,BGM-1023,4117,BV,SELIND,43.1251618172071,6.38254882911055,60.1665671909322,FALSE
241,BR-18GS-001-3,BR-18GS-084-30,3711,BV,SELIND,39.6857847648445,7.66833737011597,60.1602455430541,FALSE
242,BR-19GS-030-39,BR-21GS-C3-069-3,3560,BV,SELIND,41.515126586053,6.97819345277959,60.1469031049745,FALSE
243,BR-18GS-001-3,BR-18GS-085-37,3573,BV,SELIND,39.0798130302451,7.88600069388125,60.1354348829081,FALSE
244,BR-18GS-001-3,BR-18GS-085-143,3767,BV,SELIND,37.6113815975473,8.43555294466848,60.1343079598122,FALSE
245,BR-19GS-063-59,BR-18GS-059-29,3538,BV,SELIND,40.4354171121052,7.37730783665374,60.1328290359707,FALSE
246,BR-19GS-030-39,BR-18GS-034-27,3689,BV,SELIND,40.9526571597853,7.17989960083615,60.1229890940179,FALSE
247,BR-18GS-085-83,BR-21GS-C3-055-6,3734,BV,SELIND,37.6615311098535,8.41143891925262,60.120073024258,FALSE
248,BR-18GS-085-83,BR-21GS-C3-122-8,3467,BV,SELIND,39.8285782263183,7.59762468135149,60.1142361255268,FALSE
249,BR-18GS-001-3,BR-18GS-034-57,3826,BV,SELIND,40.5830536830007,7.31207707598088,60.1062994758696,FALSE
250,BR-18GS-001-3,BR-21GS-C3-162-13,3798,BV,SELIND,36.7214592243768,8.7583059943479,60.1061362292857,FALSE
251,BR-18GS-085-83,BGM-0134,4063,BV,SELIND,40.9417251875982,7.17271044458038,60.0928620746279,FALSE
252,BR-18GS-085-83,BR-18GS-059-69,3683,BV,SELIND,37.7578517721096,8.35066130095207,60.0541174456516,FALSE
253,BR-18GS-085-83,BR-21GS-C3-292-10,3675,BV,SELIND,40.4061179881945,7.35496095037905,60.0438637257065,FALSE
254,BR-18GS-001-3,BR-18GS-001-55,3168,BV,SELIND,38.0032534763959,8.248860028952,60.0277097536977,FALSE
255,BR-18GS-001-3,BR-18GS-052-33,3560,BV,SELIND,38.2497172418913,8.15138512940872,60.0139155374126,FALSE
256,BR-18GS-085-83,BR-21GS-C3-288-13,3761,BV,SELIND,37.5848156409319,8.39809666336965,60.0077337321288,FALSE
257,BR-18GS-001-3,BR-21GS-C3-157-14,3631,BV,SELIND,39.2644228172885,7.76721221476811,60.0028794307194,FALSE
258,BR-18GS-001-3,BR-21GS-C3-288-28,3432,BV,SELIND,40.9738484961774,7.12484976066989,59.997197357166,FALSE
259,BR-18GS-001-3,BGM-0815,4185,BV,SELIND,39.6259539385418,7.62338470523221,59.9803911015118,FALSE
260,BR-21GS-C3-287-9,BGM-1527,4140,BV,SELIND,43.6191961800597,6.12374171376822,59.9695865558209,FALSE
261,BR-19GS-113-8,BGM-0048,3626,BV,SELIND,40.0949181241354,7.44351090877811,59.9690922505729,FALSE
262,BR-18GS-001-3,BR-21GS-C3-104-30,3405,BV,SELIND,38.4167000753652,8.06931883734512,59.9617813710767,FALSE
263,BR-18GS-098-1,BGM-0048,3286,BV,SELIND,39.4259319533952,7.6847560266892,59.9442305446554,FALSE
264,BR-18GS-001-3,BR-21GS-C3-114-5,3232,BV,SELIND,40.8416230473652,7.1532325130173,59.9407538571214,FALSE
265,BR-18GS-111-57,BGM-0048,3861,BV,SELIND,38.1645374988773,8.14898240527147,59.9223205209521,FALSE
266,BR-18GS-085-83,BR-18GS-001-56,3801,BV,SELIND,37.7353165567894,8.30833682744588,59.9185758860699,FALSE
267,BR-21GS-C3-286-1,BR-18GS-034-21,3677,BV,SELIND,39.9895588769571,7.46384726009248,59.918031061404,FALSE
268,BR-18GS-085-83,BR-21GS-C3-106-9,3787,BV,SELIND,40.3235660839932,7.33869109448285,59.9178713062624,FALSE
269,BR-18GS-085-83,BR-18GS-102-18,4049,BV,SELIND,38.139148526711,8.15645568830897,59.916885214496,FALSE
270,BR-18GS-001-3,BR-21GS-C3-058-5,3299,BV,SELIND,37.6923622184682,8.32353523183115,59.9162012874573,FALSE
271,BR-18GS-059-43,BR-18GS-111-57,3667,BV,SELIND,40.9685546057416,7.09576172317636,59.9142384066225,FALSE
272,BR-18GS-001-3,BGM-0022-TB,3950,BV,SELIND,40.7771421771062,7.16674069660819,59.9123398370501,FALSE
273,BR-18GS-085-83,BR-21GS-C3-102-6,3604,BV,SELIND,39.642182952594,7.58987570459078,59.9071510838514,FALSE
274,BR-18GS-085-83,BGM-1503,4107,BV,SELIND,37.0962485152923,8.54232785812087,59.904263896475,FALSE
275,BR-18GS-085-83,BGM-1370,4349,BV,SELIND,40.492888457417,7.26643817824383,59.8942783933281,FALSE
276,BR-18GS-001-3,BR-21GS-C3-201-1,3278,BV,SELIND,39.0204381367867,7.817614370412,59.8934685057867,FALSE
277,BR-19GS-030-39,BR-18GS-059-29,3563,BV,SELIND,39.630770970668,7.58326268403674,59.8780823370461,FALSE
278,BR-18GS-034-21,BR-18GS-084-34,3392,BV,SELIND,39.5241697435298,7.62269476798294,59.8767647740442,FALSE
279,BR-18GS-001-3,BR-18GS-085-1,3397,BV,SELIND,35.601770500258,9.09102002070855,59.8747939555499,FALSE
280,BR-21GS-C3-069-3,BGM-0048,3620,BV,SELIND,39.3864675335052,7.67325128945185,59.8740484763416,FALSE
281,BR-21GS-C3-287-9,Guaira-Falsa,3804,BV,SELIND,42.991853530248,6.32117198652618,59.8693827342729,FALSE
282,BR-18GS-085-83,BR-21GS-C3-059-67,3681,BV,SELIND,39.3220685274875,7.69507584570965,59.8679210355322,FALSE
283,BR-18GS-001-3,BR-21GS-C3-132-18,3350,BV,SELIND,39.6925914182761,7.55520917935,59.8649999271406,FALSE
284,BR-18GS-001-3,BR-18GS-034-35,3852,BV,SELIND,37.8968660709743,8.22360746392475,59.8538979996533,FALSE
285,BR-18GS-001-3,BR-18GS-102-11,3714,BV,SELIND,38.3317367169234,8.06016713154992,59.8523829581617,FALSE
286,BR-18GS-085-83,BR-18GS-099-26,3752,BV,SELIND,39.8161081396834,7.50319162141419,59.8496297688592,FALSE
287,BR-18GS-034-21,BGM-0049,4328,BV,SELIND,39.2685928511808,7.6926053064212,59.8078490193254,FALSE
288,BR-18GS-001-3,BR-21GS-C3-122-8,3301,BV,SELIND,39.2992199057411,7.68000220861025,59.8048258027305,FALSE
289,BR-18GS-085-83,BR-19GS-012-3,3846,BV,SELIND,39.8358967301455,7.47868775384826,59.8039930329203,FALSE
290,BR-18GS-034-27,BGM-0048,4000,BV,SELIND,38.8239981072376,7.85713432268696,59.8025467488118,FALSE
291,BR-21GS-C3-287-9,BGM-2289,3541,BV,SELIND,40.4034356051984,7.26425106720251,59.7989859546291,FALSE
292,BR-18GS-001-3,BGM-0134,3891,BV,SELIND,40.412366867021,7.25991103577513,59.7963293325406,FALSE
293,BR-18GS-001-3,BR-21GS-C3-055-6,3519,BV,SELIND,37.1321727892763,8.48591997475198,59.7895791218641,FALSE
294,BR-21GS-C3-287-9,BR-19GS-030-15,3499,BV,SELIND,40.9583759414253,7.05244882215385,59.7884142965761,FALSE
295,BR-18GS-085-83,BR-18GS-101-28,3965,BV,SELIND,37.8713514215772,8.19945963774119,59.7639086543462,FALSE
296,BR-18GS-085-83,BGM-0027,4331,BV,SELIND,39.6608842200482,7.52797993427369,59.760590644559,FALSE
297,BR-18GS-085-83,BR-18GS-001-38,3914,BV,SELIND,37.7633901985975,8.23835400692077,59.759795397076,FALSE
298,BR-21GS-C3-287-9,BGM-0039,4084,BV,SELIND,42.0360703239969,6.63345585013715,59.7473974438631,FALSE
299,BR-18GS-001-3,BR-21GS-C3-292-10,3424,BV,SELIND,39.8767596676173,7.44002578672801,59.7416285181811,FALSE
300,BR-18GS-059-43,BR-18GS-098-1,3500,BV,SELIND,42.2299490602595,6.55739242232816,59.7381868278757,FALSE
301,BR-18GS-001-3,BR-18GS-059-69,3382,BV,SELIND,37.2284934515324,8.42567963364354,59.7250580733606,FALSE
302,BR-18GS-085-83,BR-21GS-C3-177-1,3674,BV,SELIND,40.6382107506494,7.14733620208658,59.7215984102206,FALSE
303,BR-18GS-085-83,BGM-0480,4377,BV,SELIND,38.756431395332,7.8498731127926,59.7155926064883,FALSE
304,BR-18GS-001-3,BR-21GS-C3-288-13,3454,BV,SELIND,37.0554573203546,8.472695007663,59.6775529908149,FALSE
305,BR-18GS-059-43,BR-18GS-034-27,3749,BV,SELIND,41.6280152141019,6.75858564756091,59.6734388930895,FALSE
306,BR-19GS-063-59,BR-18GS-084-34,3827,BV,SELIND,41.400125680066,6.84367808049735,59.6727461549939,FALSE
307,BR-19GS-063-59,BR-21GS-C3-286-1,3246,BV,SELIND,41.8655148134933,6.66629357781634,59.6645186662629,FALSE
308,BR-18GS-059-43,BR-21GS-C3-069-3,3414,BV,SELIND,42.1904846403695,6.54390598509371,59.6627136205697,FALSE
309,BR-18GS-059-43,BR-19GS-113-8,3381,BV,SELIND,42.8989352309997,6.27293988810426,59.6476847322381,FALSE
310,BR-18GS-085-83,BR-21GS-C3-286-14,3797,BV,SELIND,39.0620064759409,7.70459855711027,59.6332846234253,FALSE
311,BR-21GS-C3-287-9,Aipim-Preto-Joselito,3810,BV,SELIND,43.5114092399058,6.03736797594904,59.6311817356897,FALSE
312,BR-19GS-063-59,BGM-0049,4010,BV,SELIND,41.144548787717,6.92146159015746,59.6248512334374,FALSE
313,BR-18GS-001-3,BR-21GS-C3-106-9,3589,BV,SELIND,39.794207763416,7.42394235604096,59.6161338540453,FALSE
314,BR-18GS-098-1,BR-18GS-111-57,3928,BV,SELIND,39.9345926155124,7.36749961288215,59.6058165819077,FALSE
315,BR-18GS-085-83,BR-21GS-C3-132-4,3693,BV,SELIND,37.5436221046091,8.2616209176492,59.6021499547325,FALSE
316,BR-19GS-113-8,BR-18GS-111-57,3906,BV,SELIND,40.6035787862526,7.11550630701578,59.6019806259847,FALSE
317,BR-21GS-C3-287-9,BR-21GS-C3-175-75,3401,BV,SELIND,41.4795983081475,6.78605160141084,59.5983560839145,FALSE
318,BR-18GS-001-3,BR-21GS-C3-102-6,3408,BV,SELIND,39.1128246320168,7.67233643271165,59.5979629073569,FALSE
319,BR-18GS-001-3,BGM-1370,4253,BV,SELIND,39.9635301368398,7.35252724740389,59.5947778874082,FALSE
320,BR-18GS-001-3,BR-18GS-102-18,3869,BV,SELIND,37.6097902061338,8.23324374234875,59.592550998205,FALSE
321,BR-18GS-001-3,BR-18GS-001-56,3331,BV,SELIND,37.2059582362122,8.38373389152294,59.5905277265784,FALSE
322,BR-18GS-085-83,BGM-0892,4345,BV,SELIND,39.595907442375,7.48572855383858,59.582802681124,FALSE
323,BR-18GS-085-83,BR-21GS-C3-058-2,3646,BV,SELIND,39.6551784346643,7.462829747204,59.580933859699,FALSE
324,BR-18GS-085-83,BR-18GS-099-48,3709,BV,SELIND,39.9806704814629,7.33955046761041,59.5772702299827,FALSE
325,BR-18GS-001-3,BGM-1503,3895,BV,SELIND,36.5668901947151,8.61567747546327,59.570749054202,FALSE
326,BR-18GS-001-3,BR-21GS-C3-059-67,3567,BV,SELIND,38.7927102069103,7.7764211175065,59.5557545906527,FALSE
327,BR-18GS-001-3,BR-18GS-099-26,3473,BV,SELIND,39.2867498191061,7.58659460055941,59.5429574025998,FALSE
328,BR-21GS-C3-069-3,BR-18GS-111-57,3810,BV,SELIND,39.8951281956224,7.35549867154886,59.5343096486579,FALSE
329,BR-18GS-085-83,BR-21GS-C3-104-52,3736,BV,SELIND,39.501654716739,7.49905625488442,59.5241349172804,FALSE
330,BR-18GS-085-83,BR-21GS-C3-286-37,3682,BV,SELIND,37.1027334635443,8.39058576698844,59.5055974614034,FALSE
331,BR-18GS-085-83,BGM-1682,4345,BV,SELIND,39.6257425666323,7.44388508926935,59.5009157549814,FALSE
332,BR-18GS-001-3,BR-19GS-012-3,3584,BV,SELIND,39.3065384095683,7.56236098352472,59.4980422355793,FALSE
333,BR-18GS-059-43,BR-18GS-059-29,2871,BV,SELIND,40.3061290249845,7.18563807969991,59.4917826977833,FALSE
334,BR-21GS-C3-287-9,BR-18GS-001-26,3530,BV,SELIND,41.2587818054006,6.82785601729051,59.4891573715662,FALSE
335,BR-18GS-085-83,BGM-0901,4348,BV,SELIND,39.3226712024022,7.5514566833633,59.4850605469822,FALSE
336,BR-18GS-034-27,BR-18GS-111-57,4077,BV,SELIND,39.3326587693548,7.54712760729724,59.4834894808384,FALSE
337,BGM-0048,BR-18GS-059-29,3498,BV,SELIND,37.5021119181202,8.22736132801779,59.4691666639277,FALSE
338,BR-18GS-085-83,BR-21GS-C3-286-24,3805,BV,SELIND,39.5407064915661,7.46343491807295,59.4680777228209,FALSE
339,BR-19GS-030-39,BR-21GS-C3-286-1,3064,BV,SELIND,41.060868672056,6.8935239235087,59.4665775478243,FALSE
340,BR-18GS-085-83,BR-21GS-C3-063-3,3785,BV,SELIND,38.9912791556014,7.66745017371837,59.4633711194294,FALSE
341,BR-19GS-030-39,BR-18GS-084-34,3732,BV,SELIND,40.5954795386288,7.06520570739672,59.459578777378,FALSE
342,BR-18GS-001-3,BGM-0027,4156,BV,SELIND,39.131525899471,7.61111128656022,59.4531930345868,FALSE
343,BR-18GS-085-83,BR-19GS-063-76,3952,BV,SELIND,39.3582271876063,7.52494168514023,59.4498214869307,FALSE
344,BR-18GS-085-83,BR-21GS-C3-078-6,3646,BV,SELIND,39.3515667800167,7.52691425770559,59.4484278480906,FALSE
345,BR-18GS-001-3,BR-18GS-101-28,3758,BV,SELIND,37.341993101,8.27584868617859,59.4385090930968,FALSE
346,BR-18GS-085-83,BR-18GS-089-35,3777,BV,SELIND,37.0110539336882,8.39819081898723,59.4342234203841,FALSE
347,BR-18GS-001-3,BR-18GS-001-38,3463,BV,SELIND,37.2340318780203,8.31438571807471,59.4334417452798,FALSE
348,BR-19GS-113-8,BR-18GS-098-1,3725,BV,SELIND,41.8649732407705,6.57875299380462,59.4302437342288,FALSE
349,BR-18GS-001-3,BR-21GS-C3-177-1,3434,BV,SELIND,40.1088524300722,7.23484263209881,59.425882257776,FALSE
350,BR-18GS-085-83,BR-19GS-030-52,3833,BV,SELIND,39.5192960567699,7.45165857560275,59.4152244536292,FALSE
351,BR-18GS-098-1,BR-21GS-C3-069-3,3655,BV,SELIND,41.1565226501403,6.83761081485843,59.4129435258123,FALSE
352,BR-18GS-085-83,BR-18GS-059-26,3681,BV,SELIND,37.9588192019524,8.03487252973295,59.4119288563393,FALSE
353,BR-19GS-030-39,BGM-0049,3998,BV,SELIND,40.3399026462798,7.14057648669745,59.4052418657619,FALSE
354,BR-18GS-085-83,BR-21GS-C3-292-33,3844,BV,SELIND,38.2557775581248,7.92112900198199,59.4051919934168,FALSE
355,BR-18GS-085-83,BR-21GS-C3-038-3,3743,BV,SELIND,37.2301194698905,8.30524830440619,59.405132442655,FALSE
356,BR-21GS-C3-287-9,BR-21GS-C3-103-5,3512,BV,SELIND,43.5823815343649,5.92470463265559,59.4013429035553,FALSE
357,BR-18GS-098-1,BR-18GS-034-27,4030,BV,SELIND,40.5940532238727,7.04334409702806,59.3997819629376,FALSE
358,BR-18GS-001-3,BGM-0480,4305,BV,SELIND,38.2270730747548,7.92963057226005,59.3991867026892,FALSE
359,BR-21GS-C3-287-9,BR-18GS-059-73,3429,BV,SELIND,41.6054393306321,6.66147910316767,59.3915885360897,FALSE
360,BR-18GS-085-83,BR-21GS-C3-201-4,3539,BV,SELIND,38.6607438248927,7.7643524836302,59.3915649561853,FALSE
361,BR-21GS-C3-287-9,BR-19GS-030-10,3200,BV,SELIND,41.6069459713496,6.65716399440603,59.3815738364137,FALSE
362,BR-18GS-085-83,BR-21GS-C3-288-9,3758,BV,SELIND,38.6776676431254,7.74954806194824,59.3689609685272,FALSE
363,BR-19GS-113-8,BR-18GS-034-27,3769,BV,SELIND,41.2630393946129,6.77931231973442,59.3638032883037,FALSE
364,BR-21GS-C3-287-9,BR-21GS-C3-265-9,3214,BV,SELIND,39.7615399281069,7.34072897643846,59.3612862951975,FALSE
365,BR-21GS-C3-287-9,BR-21GS-C3-130-4,3272,BV,SELIND,42.4020451325941,6.35152445979744,59.3606154402533,FALSE
366,BR-21GS-C3-287-9,BR-19GS-030-38,3395,BV,SELIND,42.9751717059705,6.13640743553325,59.3593795588443,FALSE
367,BR-19GS-113-8,BR-21GS-C3-069-3,3660,BV,SELIND,41.8255088208805,6.5653104355264,59.354887683736,FALSE
368,BR-21GS-C3-287-9,BGM-0018,4120,BV,SELIND,41.0890699818159,6.83606840223961,59.3413726157957,FALSE
369,BR-18GS-085-83,BR-18GS-061-6,4021,BV,SELIND,39.8138402924136,7.31346308594399,59.3407867318841,FALSE
370,BR-18GS-085-83,BR-18GS-103-28,3615,BV,SELIND,37.1624556161817,8.30538666058759,59.3378379999506,FALSE
371,BR-21GS-C3-069-3,BR-18GS-034-27,3698,BV,SELIND,40.5545888039827,7.03078987244524,59.3267977634114,FALSE
372,BR-18GS-001-3,BR-21GS-C3-286-14,3355,BV,SELIND,38.5326481553637,7.78584433775828,59.3208525371783,FALSE
373,BR-18GS-085-83,BR-18GS-001-10,3600,BV,SELIND,37.1448612372246,8.29939934440661,59.3042574867902,FALSE
374,BR-18GS-034-21,BR-18GS-109-17,3997,BV,SELIND,38.5270221906578,7.77984653476073,59.299212438469,FALSE
375,BR-18GS-085-83,BR-21GS-C3-286-32,3711,BV,SELIND,38.6159755500333,7.74207143218025,59.2873062739546,FALSE
376,BR-18GS-001-3,BGM-0892,4179,BV,SELIND,39.0665491217978,7.56932395312364,59.2766440766379,FALSE
377,BR-18GS-001-3,BR-18GS-099-48,3425,BV,SELIND,39.4513121608857,7.42479186187581,59.2755064320941,FALSE
378,BR-18GS-001-3,BR-21GS-C3-058-2,3361,BV,SELIND,39.1258201140871,7.54667880337636,59.275452519102,FALSE
379,BR-18GS-001-3,BR-21GS-C3-132-4,3340,BV,SELIND,37.0142637840319,8.33744045331155,59.2752297943738,FALSE
380,BR-18GS-085-83,BGM-1656,4111,BV,SELIND,37.0083170758115,8.33425424379017,59.2607759067313,FALSE
381,BR-21GS-C3-287-9,BGM-1489,4238,BV,SELIND,42.4444041135544,6.29516513707639,59.2524950295484,FALSE
382,BR-18GS-085-83,BR-21GS-C3-154-22,3840,BV,SELIND,37.0039435574026,8.33197523121637,59.2503174247503,FALSE
383,BR-21GS-C3-287-9,BR-21GS-C3-133-1,3017,BV,SELIND,42.3913758786706,6.31131765200155,59.2425940095147,FALSE
384,BR-18GS-085-83,BGM-0682,4376,BV,SELIND,38.6939133782691,7.68821865729614,59.2214571932497,FALSE
385,BR-18GS-001-3,BR-21GS-C3-104-52,3532,BV,SELIND,38.9722963961618,7.58250472070399,59.2175840004415,FALSE
386,BR-21GS-C3-286-1,BGM-0048,3528,BV,SELIND,38.9322096195083,7.59633290283182,59.2144184700692,FALSE
387,BR-21GS-C3-287-9,BR-21GS-C3-056-2,3436,BV,SELIND,43.664841982234,5.82108265816303,59.2071326795293,FALSE
388,BR-21GS-C3-287-9,BR-18GS-085-161,3617,BV,SELIND,40.8286153719383,6.87943695199464,59.196712033764,FALSE
389,BR-18GS-001-3,BGM-1682,4177,BV,SELIND,39.0963842460551,7.52794516105316,59.195997826067,FALSE
390,BR-18GS-111-57,BR-18GS-059-29,3859,BV,SELIND,38.0107725802374,7.9318377301761,59.1887793198076,FALSE
391,BR-18GS-085-83,BR-18GS-109-11,3674,BV,SELIND,38.718209060422,7.66475595446111,59.1831074588332,FALSE
392,BR-19GS-113-8,BR-18GS-059-29,3542,BV,SELIND,39.9411532054955,7.20513637522011,59.1788673273332,FALSE
393,BR-18GS-001-3,BGM-0901,4184,BV,SELIND,38.793312881825,7.63433239820545,59.1769803850336,FALSE
394,BR-18GS-001-3,BR-21GS-C3-286-37,3399,BV,SELIND,36.5733751429671,8.46525029982966,59.1755934435123,FALSE
395,BR-18GS-098-1,BR-18GS-059-29,3688,BV,SELIND,39.2721670347553,7.45410026268477,59.1746147361237,FALSE
396,BR-18GS-084-34,BGM-0048,3903,BV,SELIND,38.466820486081,7.75246626400204,59.1659054109664,FALSE
397,BR-18GS-001-3,BR-21GS-C3-286-24,3390,BV,SELIND,39.0113481709889,7.5472772508957,59.1625784308804,FALSE
398,BR-18GS-001-3,BR-21GS-C3-063-3,3635,BV,SELIND,38.4619208350242,7.74908544875012,59.151978983187,FALSE
399,BR-18GS-085-83,BGM-1560,4137,BV,SELIND,36.3699390367596,8.53128346502913,59.1484658883873,FALSE
400,BR-18GS-001-3,BR-19GS-063-76,3538,BV,SELIND,38.8288688670291,7.60810623547924,59.1425125157587,FALSE
401,BR-19GS-063-59,BR-18GS-109-17,3668,BV,SELIND,40.402978127194,7.01829510978798,59.141826070328,FALSE
402,BR-18GS-001-3,BR-21GS-C3-078-6,3631,BV,SELIND,38.8222084594395,7.61005725132398,59.1410613204745,FALSE
403,BR-21GS-C3-287-9,BGM-1024,4145,BV,SELIND,42.6961042799816,6.15908496547002,59.1408611377866,FALSE
404,BR-21GS-C3-287-9,BR-18GS-001-1,3277,BV,SELIND,39.6050681185069,7.30822716093573,59.1180346382053,FALSE
405,BR-18GS-034-21,BGM-1156,4003,BV,SELIND,37.2143677865183,8.20296204977572,59.1162764594195,FALSE
406,BR-18GS-001-3,BR-19GS-030-52,3461,BV,SELIND,38.9899377361927,7.53563193454478,59.1100750014272,FALSE
407,BR-18GS-034-21,BGM-1023,4328,BV,SELIND,39.2121198391613,7.45117880658989,59.1067672527563,FALSE
408,BR-18GS-001-3,BR-18GS-089-35,3485,BV,SELIND,36.481695613111,8.47278833429105,59.1040404656681,FALSE
409,BR-21GS-C3-069-3,BR-18GS-059-29,3494,BV,SELIND,39.2327026148653,7.44223897006107,59.1034806649284,FALSE
410,BR-18GS-085-83,BR-18GS-042-28,3936,BV,SELIND,38.7262611084982,7.63014150585413,59.0987389291287,FALSE
411,BR-18GS-085-83,BR-18GS-052-6,3646,BV,SELIND,39.3372045962098,7.40050478705762,59.0965523776536,FALSE
412,BGM-0049,BGM-0048,4364,BV,SELIND,38.211243593732,7.82121691612213,59.0938927597781,FALSE
413,BR-18GS-001-3,BR-18GS-059-26,3446,BV,SELIND,37.4294608813752,8.11281145439941,59.0906674646216,FALSE
414,BR-18GS-001-3,BR-21GS-C3-292-33,3558,BV,SELIND,37.7264192375476,8.00017611003766,59.0868894513482,FALSE
415,BR-18GS-085-83,BR-21GS-C3-057-12,3715,BV,SELIND,38.1806699873119,7.82848482200761,59.0827244620723,FALSE
416,BR-18GS-001-3,BR-21GS-C3-201-4,3377,BV,SELIND,38.1313855043155,7.84497945284955,59.0774806434238,FALSE
417,BR-18GS-001-3,BR-21GS-C3-038-3,3698,BV,SELIND,36.7007611493133,8.38067315455142,59.0771584719656,FALSE
418,BR-21GS-C3-287-9,BR-19GS-153-2,3563,BV,SELIND,41.4021519883455,6.61905318050308,59.0750239802887,FALSE
419,BR-19GS-063-59,BGM-1156,3660,BV,SELIND,39.0903237230545,7.48458686459754,59.0741706515299,FALSE
420,BR-19GS-063-59,BR-18GS-109-10,3505,BV,SELIND,38.4972407305702,7.70368992319889,59.0660928255113,FALSE
421,BR-18GS-085-83,BR-19GS-024-7,3791,BV,SELIND,35.4463437462919,8.84454895126806,59.0612894461776,FALSE
422,BR-18GS-085-83,BR-19GS-047-16,3842,BV,SELIND,36.195528007332,8.56349367185381,59.0600561111817,FALSE
423,BR-18GS-034-21,BR-18GS-109-10,3860,BV,SELIND,36.621284794034,8.40335553747137,59.0582440790826,FALSE
424,BR-18GS-001-3,BR-21GS-C3-288-9,3361,BV,SELIND,38.1483093225482,7.83032747016514,59.0552836678892,FALSE
425,BR-21GS-C3-287-9,BR-18GS-085-3,3764,BV,SELIND,39.3734628154952,7.37068331939973,59.0531872782925,FALSE
426,BR-21GS-C3-287-9,BR-21GS-C3-217-6,3489,BV,SELIND,41.7576126692101,6.47586895269284,59.0481827729,FALSE
427,BR-21GS-C3-287-9,BR-21GS-C3-286-31,3129,BV,SELIND,40.4102891214818,6.9800468507379,59.047014212952,FALSE
428,BR-18GS-034-27,BR-18GS-059-29,3965,BV,SELIND,38.6702331885977,7.63169019950146,59.0468460212666,FALSE
429,BR-18GS-085-83,BR-21GS-C3-087-8,3791,BV,SELIND,38.2063779541512,7.80453333943811,59.044481970451,FALSE
430,BR-18GS-001-3,BR-18GS-061-6,3823,BV,SELIND,39.2844819718364,7.39900503007279,59.0398254021308,FALSE
431,BR-18GS-085-83,BR-19GS-042-13,3926,BV,SELIND,36.8548589843649,8.30836805951302,59.0382017032647,FALSE
432,BR-18GS-085-83,BR-18GS-105-9,3506,BV,SELIND,37.2802684295446,8.14577968004437,59.0295001752631,FALSE
433,BR-18GS-085-83,BR-19GS-010-6,3806,BV,SELIND,38.0140725286634,7.86767712000311,59.0207704390717,FALSE
434,BR-18GS-034-21,BGM-1527,4337,BV,SELIND,39.706154202014,7.2307225523276,59.0121834167287,FALSE
435,BR-18GS-001-3,BR-18GS-103-28,3411,BV,SELIND,36.6330972956045,8.38081026556761,59.00986070467,FALSE
436,BR-21GS-C3-287-9,BR-19GS-048-2,3595,BV,SELIND,39.618346064073,7.26065918083583,59.0043060769047,FALSE
437,BR-18GS-085-83,BGM-0314,4178,BV,SELIND,38.375872550433,7.7246741889346,59.0007526348884,FALSE
438,BR-18GS-059-43,BR-18GS-084-34,3620,BV,SELIND,41.2708375929453,6.63661460122256,58.9905985782095,FALSE
439,BR-18GS-034-21,BR-21GS-C3-292-15,3596,BV,SELIND,37.3676385696738,8.09721536324847,58.9872035895472,FALSE
440,BR-18GS-001-3,BR-18GS-001-10,3279,BV,SELIND,36.6155029166474,8.37487687094645,58.9764241620744,FALSE
441,BR-18GS-085-83,BR-21GS-C3-142-8,3754,BV,SELIND,36.3363806443183,8.47922021770178,58.9758986255821,FALSE
442,BR-18GS-001-3,BR-21GS-C3-286-32,3402,BV,SELIND,38.0866172294561,7.82292804431682,58.973835107782,FALSE
443,BR-18GS-059-43,BR-21GS-C3-286-1,3353,BV,SELIND,41.7362267263726,6.45354117995044,58.9671816768402,FALSE
444,BR-18GS-085-83,BR-19GS-137-4,3811,BV,SELIND,38.6539594054113,7.60626725025351,58.9626929635881,FALSE
445,BR-21GS-C3-287-9,BR-18GS-034-29,3766,BV,SELIND,39.4562971628371,7.30233921868407,58.9535428767236,FALSE
446,BR-21GS-C3-287-9,BR-18GS-129-36,3678,BV,SELIND,40.5892096484508,6.87730906344191,58.9516248478407,FALSE
447,BR-18GS-059-43,BGM-0049,4055,BV,SELIND,41.0152607005963,6.71679642684708,58.949107160278,FALSE
448,BR-18GS-085-83,BR-21GS-C3-115-8,3838,BV,SELIND,37.901730307332,7.88057027953712,58.9428529536961,FALSE
449,BR-21GS-C3-287-9,BR-18GS-131-17,3399,BV,SELIND,43.4450532088138,5.80234521646138,58.9373149367657,FALSE
450,BR-21GS-C3-287-9,BR-18GS-085-38,3822,BV,SELIND,38.1933365595265,7.76914658268583,58.9369579352977,FALSE
451,BR-18GS-085-83,BGM-0638,4361,BV,SELIND,37.9365924057664,7.86499996679901,58.9361423171198,FALSE
452,BR-18GS-001-3,BGM-1656,3914,BV,SELIND,36.4789587552344,8.40941894102747,58.9321073277777,FALSE
453,BR-18GS-001-3,BR-21GS-C3-154-22,3519,BV,SELIND,36.4745852368254,8.40716030412054,58.9217032488272,FALSE
454,BR-18GS-085-83,BR-18GS-085-21,3569,BV,SELIND,34.0424542685655,9.31786427720965,58.9211518887153,FALSE
455,BR-19GS-063-59,BR-21GS-C3-292-15,3231,BV,SELIND,39.24359450621,7.36853789991423,58.917590698981,FALSE
456,BR-19GS-030-39,BR-18GS-109-17,3684,BV,SELIND,39.5983319857568,7.2344777466259,58.9143875692479,FALSE
457,BR-18GS-001-3,BGM-0682,3941,BV,SELIND,38.1645550576919,7.76963572170366,58.9094824346406,FALSE
458,BR-18GS-085-83,BR-19GS-030-21,3932,BV,SELIND,37.839721879034,7.88644796569425,58.8965379474377,FALSE
459,BR-21GS-C3-287-9,BR-18GS-085-84,3674,BV,SELIND,42.7682357261253,6.03800667378855,58.8897135451407,FALSE
460,BR-18GS-001-3,BR-18GS-109-11,3274,BV,SELIND,38.1888507398448,7.7464196224465,58.871791131777,FALSE
461,BR-21GS-C3-286-1,BR-18GS-111-57,3784,BV,SELIND,39.4408702816255,7.27522157234595,58.8657118797892,FALSE
462,BR-19GS-063-59,BGM-1023,4135,BV,SELIND,41.0880757756976,6.65210641461934,58.8491999027312,FALSE
463,BR-18GS-034-21,BR-18GS-059-48,3885,BV,SELIND,37.035740717738,8.16740597688061,58.8427146760092,FALSE
464,BR-21GS-C3-287-9,BR-21GS-C3-293-3,3406,BV,SELIND,40.9831091307172,6.68644286376225,58.8359115769624,FALSE
465,BR-18GS-084-34,BR-18GS-111-57,4033,BV,SELIND,38.9754811481982,7.43809844856683,58.8352040058716,FALSE
466,BR-18GS-034-21,Guaira-Falsa,4058,BV,SELIND,39.0788115522023,7.3986722683896,58.8332665088025,FALSE
467,BR-18GS-001-3,BGM-1560,3943,BV,SELIND,35.8405807161824,8.6047272290443,58.8152024177307,FALSE
468,BR-18GS-085-83,BR-19GS-115-2,4008,BV,SELIND,38.746367841833,7.51638731522103,58.8151219734731,FALSE
469,BR-19GS-030-39,BGM-1156,3708,BV,SELIND,38.2856775816173,7.6876682129276,58.811751710134,FALSE
470,BR-18GS-085-83,BR-18GS-059-37,3450,BV,SELIND,39.2473494962639,7.32194735717698,58.7969489399264,FALSE
471,BR-18GS-085-83,BGM-2304,3366,BV,SELIND,39.4684016315857,7.23864081000791,58.7955725943069,FALSE
472,BR-18GS-001-3,BR-18GS-052-6,3281,BV,SELIND,38.8078462756326,7.48505205251372,58.7929352558442,FALSE
473,BR-19GS-063-59,BR-18GS-059-48,3435,BV,SELIND,38.9116966542742,7.44560101904679,58.7914513751291,FALSE
474,BR-21GS-C3-287-9,BR-18GS-109-23,3445,BV,SELIND,39.8697377638821,7.08626389817017,58.7900623719964,FALSE
475,BR-18GS-085-83,BR-21GS-C3-232-19,3695,BV,SELIND,37.7223064424566,7.89047472448536,58.7898739568325,FALSE
476,BR-18GS-085-83,BR-19GS-002-4,3837,BV,SELIND,36.0243589440446,8.5263562128393,58.7897300323256,FALSE
477,BR-19GS-030-39,BR-18GS-109-10,3514,BV,SELIND,37.692594589133,7.90114171820424,58.7886429767383,FALSE
478,BR-18GS-001-3,BR-18GS-042-28,3873,BV,SELIND,38.196902787921,7.71217171261993,58.7884012606162,FALSE
479,BGM-0049,BR-18GS-111-57,4288,BV,SELIND,38.7199042558492,7.50972765186046,58.7708770863166,FALSE
480,BR-18GS-001-3,BR-21GS-C3-057-12,3556,BV,SELIND,37.6513116667348,7.90845798711611,58.7668944923348,FALSE
481,BR-21GS-C3-287-9,BR-21GS-C3-061-27,3482,BV,SELIND,41.167552089595,6.58918764349596,58.7606830977292,FALSE
482,BR-18GS-085-83,BR-18GS-034-40,3599,BV,SELIND,36.172538855412,8.45956863725927,58.7595871168942,FALSE
483,BR-18GS-085-83,BR-18GS-054-52,3805,BV,SELIND,36.5579394388586,8.31302724572805,58.7537221849525,FALSE
484,BR-21GS-C3-287-9,BR-18GS-134-29,3826,BV,SELIND,42.8681423968421,5.94900504707929,58.7519858725438,FALSE
485,BR-18GS-085-83,BR-19GS-037-63,3872,BV,SELIND,36.9240484195131,8.17458171565637,58.7501816003156,FALSE
486,BR-18GS-085-83,BR-18GS-099-33,3719,BV,SELIND,37.4673477805604,7.96895085139559,58.7444465537866,FALSE
487,BR-21GS-C3-287-9,BR-18GS-034-18,3648,BV,SELIND,38.5301289823682,7.57009412702156,58.7422803015157,FALSE
488,BR-21GS-C3-287-9,BR-18GS-129-58,3698,BV,SELIND,41.1867978449968,6.57312285095817,58.7370358570551,FALSE
489,BR-18GS-085-83,BGM-1163,4111,BV,SELIND,36.0435230458935,8.4992137665234,58.7364238025109,FALSE
490,BR-18GS-085-83,BR-19GS-030-13,3770,BV,SELIND,35.8677170661728,8.5646452731263,58.73531994542,FALSE
491,BR-18GS-098-1,BR-18GS-084-34,3914,BV,SELIND,40.2368756027161,6.92638935368813,58.7303351770634,FALSE
492,BR-18GS-001-3,BR-21GS-C3-087-8,3612,BV,SELIND,37.677019633574,7.88474944256177,58.7293006452139,FALSE
493,BR-18GS-098-1,BR-21GS-C3-286-1,3691,BV,SELIND,40.7022647361434,6.75117840639987,58.727911081231,FALSE
494,BR-18GS-001-3,BR-19GS-047-16,3357,BV,SELIND,35.6661696867548,8.63666353364871,58.7260613215968,FALSE
495,BR-18GS-085-83,BR-21GS-C3-151-3,3727,BV,SELIND,36.2935647266146,8.40021720345706,58.722144659845,FALSE
496,BR-18GS-001-3,BR-19GS-024-7,3568,BV,SELIND,34.9169854257147,8.91541245691718,58.7211366856836,FALSE
497,BR-18GS-085-83,BR-18GS-001-34,3638,BV,SELIND,36.041946458687,8.49243893509569,58.7167584153925,FALSE
498,BR-18GS-001-3,BR-19GS-042-13,3641,BV,SELIND,36.3255006637877,8.38376484271316,58.7101527938319,FALSE
499,BR-18GS-034-21,Aipim-Preto-Joselito,4041,BV,SELIND,39.59836726186,7.15771947821434,58.7094782686923,FALSE
500,BR-18GS-001-3,BR-18GS-105-9,3234,BV,SELIND,36.7509101089674,8.22266743346713,58.7054321563246,FALSE
