order;Clone;Pop
1;Baianinha;C0
2;Aipim-Abacate-2;C0
3473;BGM-0046;C0
3474;BGM-0048;C0
3475;BGM-0093;C0
3476;BGM-0128;C0
138;BGM-0185;C0
3477;BGM-0216;C0
3478;BGM-0323;C0
215;BGM-0337;C0
3479;BGM-0360;C0
3480;BGM-0447;C0
281;BGM-0464;C0
3481;BGM-0470;C0
3482;BGM-0600;C0
381;BGM-0661;C0
3483;BGM-0693;C0
3484;BGM-0702;C0
3485;BGM-0717;C0
3486;BGM-0815;C0
433;BGM-0816;C0
3487;BGM-0818;C0
3488;BGM-0847;C0
3489;BGM-0888;C0
501;BGM-0946;C0
3490;BGM-0991;C0
3491;BGM-1023;C0
3492;BGM-1024;C0
552;BGM-1044;C0
586;BGM-1130;C0
3493;BGM-1156;C0
602;BGM-1160;C0
3494;BGM-1174;C0
3495;BGM-1253;C0
640;BGM-1259;C0
647;BGM-1268;C0
663;BGM-1309;C0
674;BGM-1332;C0
3496;BGM-1455;C0
741;BGM-1475;C0
3497;BGM-1487;C0
780;BGM-1583;C0
3498;BGM-1623;C0
3499;BGM-1626;C0
3500;BGM-1638;C0
814;BGM-1659;C0
3501;BGM-1693;C0
3502;BGM-1707;C0
855;BGM-1716;C0
3503;BGM-1760;C0
904;BGM-1784;C0
3504;BGM-2018;C0
933;BGM-2020;C0
1538;BGM-2127;C0
983;BGM-2167;C0
4063;BRS-Dourada;C0
4069;BRS-Mulatinha;C0
3472;BRS-NovoHorizonte;C0
1;Aciolina;C0
3;Aipim-Brasilia;C0
4;Aipim-Eucalipto-NV;C0
5;Aipim-Guanambi;C0
6;Aipim-Ze-Marcos(1);C0
15;BGM-0004;C0
16;BGM-0005;C0
17;BGM-0006;C0
18;BGM-0014;C0
19;BGM-0017;C0
20;BGM-0018;C0
21;BGM-0019;C0
22;BGM-0020;C0
23;BGM-0021;C0
24;BGM-0022;C0
25;BGM-0022-TR;C0
26;BGM-0022-TB;C0
27;BGM-0023;C0
28;BGM-0024;C0
29;BGM-0025;C0
30;BGM-0027;C0
31;BGM-0028;C0
32;BGM-0029;C0
33;BGM-0030;C0
34;BGM-0031;C0
35;BGM-0032;C0
36;BGM-0036;C0
37;BGM-0037;C0
38;BGM-0039;C0
39;BGM-0040;C0
40;BGM-0042;C0
41;BGM-0043;C0
42;BGM-0043(1);C0
43;BGM-0044;C0
44;BGM-0047;C0
45;BGM-0049;C0
46;BGM-0050;C0
47;BGM-0052;C0
48;BGM-0053;C0
49;BGM-0054;C0
50;BGM-0056;C0
51;BGM-0058;C0
52;BGM-0060;C0
53;BGM-0061;C0
54;BGM-0062;C0
55;BGM-0063;C0
56;BGM-0065;C0
57;BGM-0066;C0
58;BGM-0067;C0
59;BGM-0069;C0
60;BGM-0070;C0
61;BGM-0073;C0
62;BGM-0075;C0
63;BGM-0076;C0
64;BGM-0077?;C0
65;BGM-0080;C0
66;BGM-0082;C0
67;BGM-0082(1);C0
68;BGM-0083;C0
69;BGM-0084;C0
70;BGM-0085;C0
71;BGM-0087;C0
72;BGM-0088;C0
73;BGM-0089;C0
74;BGM-0090;C0
75;BGM-0091;C0
76;BGM-0096;C0
77;BGM-0097;C0
78;BGM-0098;C0
79;BGM-0100;C0
80;BGM-0106;C0
81;BGM-0113-RcxCr;C0
82;BGM-0113-RcxRos;C0
83;BGM-0115;C0
84;BGM-0115-TB;C0
85;BGM-0115-TR;C0
86;BGM-0116;C0
87;BGM-0119;C0
88;BGM-0120;C0
89;BGM-0121;C0
90;BGM-0123;C0
91;BGM-0124;C0
92;BGM-0126;C0
93;BGM-0130;C0
94;BGM-0131;C0
95;BGM-0132;C0
96;BGM-0133;C0
97;BGM-0134;C0
98;BGM-0135;C0
99;BGM-0136;C0
100;BGM-0137;C0
101;BGM-0138;C0
102;BGM-0140;C0
103;BGM-0143;C0
104;BGM-0144;C0
105;BGM-0145;C0
106;BGM-0150;C0
107;BGM-0150-B;C0
108;BGM-0150-A;C0
109;BGM-0151;C0
110;BGM-0152;C0
111;BGM-0152-B;C0
112;BGM-0152-A;C0
113;BGM-0155;C0
114;BGM-0156;C0
115;BGM-0157;C0
116;BGM-0160;C0
117;BGM-0161;C0
118;BGM-0162;C0
119;BGM-0162-A;C0
120;BGM-0162-B;C0
121;BGM-0163;C0
122;BGM-0164;C0
123;BGM-0165;C0
124;BGM-0165(1);C0
125;BGM-0166;C0
126;BGM-0167;C0
127;BGM-0168;C0
128;BGM-0169;C0
129;BGM-0170;C0
130;BGM-0171;C0
131;BGM-0174;C0
132;BGM-0177;C0
133;BGM-0177(1);C0
134;BGM-0179;C0
135;BGM-0182;C0
136;BGM-0182(1);C0
137;BGM-0184;C0
139;BGM-0186;C0
140;BGM-0187;C0
141;BGM-0187(1);C0
142;BGM-0188;C0
143;BGM-0189;C0
144;BGM-0190;C0
145;BGM-0195;C0
146;BGM-0199;C0
147;BGM-0201;C0
148;BGM-0202;C0
149;BGM-0204;C0
150;BGM-0207;C0
151;BGM-0208;C0
152;BGM-0209;C0
153;BGM-0210;C0
154;BGM-0211;C0
155;BGM-0212;C0
156;BGM-0213;C0
157;BGM-0214;C0
158;BGM-0215;C0
159;BGM-0220;C0
160;BGM-0222;C0
161;BGM-0226;C0
162;BGM-0235;C0
163;BGM-0236;C0
164;BGM-0237;C0
165;BGM-0238;C0
166;BGM-0239;C0
167;BGM-0240;C0
168;BGM-0242;C0
169;BGM-0247;C0
170;BGM-0248;C0
171;BGM-0249;C0
172;BGM-0250;C0
173;BGM-0252;C0
174;BGM-0254;C0
175;BGM-0257;C0
176;BGM-0260;C0
177;BGM-0261;C0
178;BGM-0264;C0
179;BGM-0266;C0
180;BGM-0267;C0
181;BGM-0268;C0
182;BGM-0269;C0
183;BGM-0270;C0
184;BGM-0271;C0
185;BGM-0271(1);C0
186;BGM-0276;C0
187;BGM-0277;C0
188;BGM-0279;C0
189;BGM-0281;C0
190;BGM-0283;C0
191;BGM-0284;C0
192;BGM-0285;C0
193;BGM-0286;C0
194;BGM-0287;C0
195;BGM-0288;C0
196;BGM-0289;C0
197;BGM-0290;C0
198;BGM-0294;C0
199;BGM-0297;C0
200;BGM-0298;C0
201;BGM-0303;C0
202;BGM-0304;C0
203;BGM-0306;C0
204;BGM-0307;C0
205;BGM-0308;C0
206;BGM-0312;C0
207;BGM-0314;C0
208;BGM-0316;C0
209;BGM-0318;C0
210;BGM-0324;C0
211;BGM-0326;C0
212;BGM-0327;C0
213;BGM-0330;C0
214;BGM-0336;C0
216;BGM-0341;C0
217;BGM-0342;C0
218;BGM-0345;C0
219;BGM-0349;C0
220;BGM-0352;C0
221;BGM-0356;C0
222;BGM-0357;C0
223;BGM-0358;C0
224;BGM-0359;C0
225;BGM-0362;C0
226;BGM-0364;C0
227;BGM-0365;C0
228;BGM-0366;C0
229;BGM-0368;C0
230;BGM-0369;C0
231;BGM-0371;C0
232;BGM-0374;C0
233;BGM-0375;C0
234;BGM-0380;C0
235;BGM-0382;C0
236;BGM-0383;C0
237;BGM-0386;C0
238;BGM-0388;C0
239;BGM-0389;C0
240;BGM-0390;C0
241;BGM-0393;C0
242;BGM-0394;C0
243;BGM-0395;C0
244;BGM-0396;C0
245;BGM-0398;C0
246;BGM-0399;C0
247;BGM-0400;C0
248;BGM-0406;C0
249;BGM-0407;C0
250;BGM-0408;C0
251;BGM-0410;C0
252;BGM-0411;C0
253;BGM-0413;C0
254;BGM-0414;C0
255;BGM-0418;C0
256;BGM-0420;C0
257;BGM-0421;C0
258;BGM-0422;C0
259;BGM-0424;C0
260;BGM-0425;C0
261;BGM-0426;C0
262;BGM-0427;C0
263;BGM-0428;C0
264;BGM-0435;C0
265;BGM-0436;C0
266;BGM-0437;C0
267;BGM-0438;C0
268;BGM-0439;C0
269;BGM-0440;C0
270;BGM-0442;C0
271;BGM-0444;C0
272;BGM-0448;C0
273;BGM-0449;C0
274;BGM-0451;C0
275;BGM-0452;C0
276;BGM-0456;C0
277;BGM-0460;C0
278;BGM-0461;C0
279;BGM-0462;C0
280;BGM-0463;C0
282;BGM-0465;C0
283;BGM-0467;C0
284;BGM-0468;C0
285;BGM-0471;C0
286;BGM-0472;C0
287;BGM-0474;C0
288;BGM-0475;C0
289;BGM-0478;C0
290;BGM-0480;C0
291;BGM-0484;C0
292;BGM-0489;C0
293;BGM-0495;C0
294;BGM-0498;C0
295;BGM-0499;C0
296;BGM-0500;C0
297;BGM-0504;C0
298;BGM-0505;C0
299;BGM-0507;C0
300;BGM-0508;C0
301;BGM-0509;C0
302;BGM-0510;C0
303;BGM-0511;C0
304;BGM-0512;C0
305;BGM-0514;C0
306;BGM-0517;C0
307;BGM-0521;C0
308;BGM-0523;C0
309;BGM-0527;C0
310;BGM-0529;C0
311;BGM-0532;C0
312;BGM-0533;C0
313;BGM-0533(1);C0
314;BGM-0536;C0
315;BGM-0537;C0
316;BGM-0540;C0
317;BGM-0541;C0
318;BGM-0542;C0
319;BGM-0543;C0
320;BGM-0544;C0
321;BGM-0547;C0
322;BGM-0549;C0
323;BGM-0550;C0
324;BGM-0551;C0
325;BGM-0555;C0
326;BGM-0556;C0
327;BGM-0557;C0
328;BGM-0558;C0
329;BGM-0560;C0
330;BGM-0561;C0
331;BGM-0563;C0
332;BGM-0564;C0
333;BGM-0567;C0
334;BGM-0570;C0
335;BGM-0573;C0
336;BGM-0574;C0
337;BGM-0576;C0
338;BGM-0579;C0
339;BGM-0583;C0
340;BGM-0585;C0
341;BGM-0587;C0
342;BGM-0589;C0
343;BGM-0590;C0
344;BGM-0591;C0
345;BGM-0592;C0
346;BGM-0593;C0
347;BGM-0598;C0
348;BGM-0601;C0
349;BGM-0603;C0
350;BGM-0606;C0
351;BGM-0607;C0
352;BGM-0609;C0
353;BGM-0611;C0
354;BGM-06111;C0
355;BGM-0614;C0
356;BGM-0615;C0
357;BGM-0618;C0
358;BGM-0620;C0
359;BGM-0623;C0
360;BGM-0624;C0
361;BGM-0625;C0
362;BGM-0626;C0
363;BGM-0630;C0
364;BGM-0631;C0
365;BGM-0635;C0
366;BGM-0638;C0
367;BGM-0640;C0
368;BGM-0642;C0
369;BGM-0643;C0
370;BGM-0646;C0
371;BGM-0648;C0
372;BGM-0650;C0
373;BGM-0651;C0
374;BGM-0654;C0
375;BGM-0655;C0
376;BGM-0655(1);C0
377;BGM-0657;C0
378;BGM-0658;C0
379;BGM-0659;C0
380;BGM-0660;C0
382;BGM-0662;C0
383;BGM-0664;C0
384;BGM-0665;C0
385;BGM-0666;C0
386;BGM-0668;C0
387;BGM-0669;C0
388;BGM-0670;C0
389;BGM-0671;C0
390;BGM-0673;C0
391;BGM-0677;C0
392;BGM-0678;C0
393;BGM-0679;C0
394;BGM-0680;C0
395;BGM-0682;C0
396;BGM-0685;C0
397;BGM-0694;C0
398;BGM-0697;C0
399;BGM-0699;C0
400;BGM-0700;C0
401;BGM-0703;C0
402;BGM-0707;C0
403;BGM-0711;C0
404;BGM-0713(1);C0
405;BGM-0714;C0
406;BGM-0715;C0
407;BGM-0718;C0
408;BGM-0726;C0
409;BGM-0728;C0
410;BGM-0729;C0
411;BGM-0737;C0
412;BGM-0737(1);C0
413;BGM-0741;C0
414;BGM-0778;C0
415;BGM-0779;C0
416;BGM-0780;C0
417;BGM-0780-B;C0
418;BGM-0780-E;C0
419;BGM-0781;C0
420;BGM-0783;C0
421;BGM-0785;C0
422;BGM-0788;C0
423;BGM-0799;C0
424;BGM-0805;C0
425;BGM-0806;C0
426;BGM-0807;C0
427;BGM-0808;C0
428;BGM-0809;C0
429;BGM-0810;C0
430;BGM-0812;C0
431;BGM-0813;C0
432;BGM-0814;C0
434;BGM-0817;C0
435;BGM-0820;C0
436;BGM-0823;C0
437;BGM-0830;C0
438;BGM-0830-TB;C0
439;BGM-0830-TV;C0
440;BGM-0843;C0
441;BGM-0846;C0
442;BGM-0848;C0
443;BGM-0849;C0
444;BGM-0850;C0
445;BGM-0851;C0
446;BGM-0854;C0
447;BGM-0856;C0
448;BGM-0856-CCr;C0
449;BGM-0856-CRx;C0
450;BGM-0857;C0
451;BGM-0858;C0
452;BGM-0859;C0
453;BGM-0863;C0
454;BGM-0866;C0
455;BGM-0869;C0
456;BGM-0872;C0
457;BGM-0873;C0
458;BGM-0875;C0
459;BGM-0877;C0
460;BGM-0878;C0
461;BGM-0882;C0
462;BGM-0885;C0
463;BGM-0886;C0
464;BGM-0889;C0
465;BGM-0890;C0
466;BGM-0892;C0
467;BGM-0893;C0
468;BGM-0894;C0
469;BGM-0895;C0
470;BGM-0898;C0
471;BGM-0900;C0
472;BGM-0901;C0
473;BGM-0902;C0
474;BGM-0903;C0
475;BGM-0905;C0
476;BGM-0906;C0
477;BGM-0909;C0
478;BGM-0914;C0
479;BGM-0915;C0
480;BGM-0917;C0
481;BGM-0918;C0
482;BGM-0919;C0
483;BGM-0920;C0
484;BGM-0922;C0
485;BGM-0925;C0
486;BGM-0927;C0
487;BGM-0929;C0
488;BGM-0930;C0
489;BGM-0931;C0
490;BGM-0931-T;C0
491;BGM-0934;C0
492;BGM-0935;C0
493;BGM-0936;C0
494;BGM-0937;C0
495;BGM-0940;C0
496;BGM-0941;C0
497;BGM-0942;C0
498;BGM-0943;C0
499;BGM-0944;C0
500;BGM-0945;C0
502;BGM-0948;C0
503;BGM-0949;C0
504;BGM-0952;C0
505;BGM-0953;C0
506;BGM-0954;C0
507;BGM-0955;C0
508;BGM-0957;C0
509;BGM-0958;C0
510;BGM-0959;C0
511;BGM-0960;C0
512;BGM-0961;C0
513;BGM-0962;C0
514;BGM-0963;C0
515;BGM-0966;C0
516;BGM-0967;C0
517;BGM-0968;C0
518;BGM-0971;C0
519;BGM-0972;C0
520;BGM-0973;C0
521;BGM-0974;C0
522;BGM-0975;C0
523;BGM-0976;C0
524;BGM-0978;C0
525;BGM-0979;C0
526;BGM-0980;C0
527;BGM-0981;C0
528;BGM-0982;C0
529;BGM-0985;C0
530;BGM-0986;C0
531;BGM-0987;C0
532;BGM-0989;C0
533;BGM-0992;C0
534;BGM-0993;C0
535;BGM-0994;C0
536;BGM-0995;C0
537;BGM-0996;C0
538;BGM-0998;C0
539;BGM-1006;C0
540;BGM-1015;C0
541;BGM-1025;C0
542;BGM-1025(1);C0
543;BGM-1027;C0
544;BGM-1028;C0
545;BGM-1029;C0
546;BGM-1031;C0
547;BGM-1034;C0
548;BGM-1037;C0
549;BGM-1041;C0
550;BGM-1042;C0
551;BGM-1043;C0
553;BGM-1053;C0
554;BGM-1055;C0
555;BGM-1057;C0
556;BGM-1060;C0
557;BGM-1064;C0
558;BGM-1067;C0
559;BGM-1068;C0
560;BGM-1073;C0
561;BGM-1077;C0
562;BGM-1078;C0
563;BGM-1079;C0
564;BGM-1081;C0
565;BGM-1082;C0
566;BGM-1085;C0
567;BGM-1087;C0
568;BGM-1091;C0
569;BGM-1103;C0
570;BGM-1105;C0
571;BGM-1106;C0
572;BGM-1107;C0
573;BGM-1108;C0
574;BGM-1110;C0
575;BGM-1111;C0
576;BGM-1115;C0
577;BGM-1116;C0
578;BGM-1118;C0
579;BGM-1119;C0
580;BGM-1120;C0
581;BGM-1123;C0
582;BGM-1125;C0
583;BGM-1126;C0
584;BGM-1127;C0
585;BGM-1128;C0
587;BGM-1133;C0
588;BGM-1134;C0
589;BGM-1136;C0
590;BGM-1137;C0
591;BGM-1139;C0
592;BGM-1140;C0
593;BGM-1141;C0
594;BGM-1142;C0
595;BGM-1143;C0
596;BGM-1148;C0
597;BGM-1152;C0
598;BGM-1153;C0
599;BGM-1155;C0
600;BGM-1158;C0
601;BGM-1159;C0
603;BGM-1162;C0
604;BGM-1163;C0
605;BGM-1164;C0
606;BGM-1165;C0
607;BGM-1167;C0
608;BGM-1168;C0
609;BGM-1175;C0
610;BGM-1176-M;C0
611;BGM-1180;C0
612;BGM-1186;C0
613;BGM-1188;C0
614;BGM-1190;C0
615;BGM-1196;C0
616;BGM-1198;C0
617;BGM-1200;C0
618;BGM-1203;C0
619;BGM-1212;C0
620;BGM-1212?;C0
621;BGM-1213;C0
622;BGM-1214;C0
623;BGM-1217;C0
624;BGM-1218;C0
625;BGM-1218(1);C0
626;BGM-1222;C0
627;BGM-1223;C0
628;BGM-1226;C0
629;BGM-1227;C0
630;BGM-1236;C0
631;BGM-1243;C0
632;BGM-1245;C0
633;BGM-1248;C0
634;BGM-1249;C0
635;BGM-1251;C0
636;BGM-1251-RM;C0
637;BGM-1252;C0
638;BGM-1254;C0
639;BGM-1255;C0
641;BGM-1262;C0
642;BGM-1262C;C0
643;BGM-1262E;C0
644;BGM-1263;C0
645;BGM-1265;C0
646;BGM-1267;C0
648;BGM-1269;C0
649;BGM-1275;C0
650;BGM-1280;C0
651;BGM-1281;C0
652;BGM-1282;C0
653;BGM-1283;C0
654;BGM-1284;C0
655;BGM-1285;C0
656;BGM-1286;C0
657;BGM-1288;C0
658;BGM-1291;C0
659;BGM-1294;C0
660;BGM-1300;C0
661;BGM-1305;C0
662;BGM-1306;C0
664;BGM-1310;C0
665;BGM-1313;C0
666;BGM-1314;C0
667;BGM-1317;C0
668;BGM-1318;C0
669;BGM-1323;C0
670;BGM-1324;C0
671;BGM-1325;C0
672;BGM-1327;C0
673;BGM-1328;C0
675;BGM-1333;C0
676;BGM-1335;C0
677;BGM-1338;C0
678;BGM-1342;C0
679;BGM-1345;C0
680;BGM-1347;C0
681;BGM-1348;C0
682;BGM-1349;C0
683;BGM-1354;C0
684;BGM-1356;C0
685;BGM-1358;C0
686;BGM-1359;C0
687;BGM-1362;C0
688;BGM-1363;C0
689;BGM-1364;C0
690;BGM-1366;C0
691;BGM-1367;C0
692;BGM-1369;C0
693;BGM-1370;C0
694;BGM-1371;C0
695;BGM-1376;C0
696;BGM-1377;C0
697;BGM-1386;C0
698;BGM-1388;C0
699;BGM-1389;C0
700;BGM-1393;C0
701;BGM-1395;C0
702;BGM-1397;C0
703;BGM-1398;C0
704;BGM-1400;C0
705;BGM-1402;C0
706;BGM-1403;C0
707;BGM-1407;C0
708;BGM-1408;C0
709;BGM-1409;C0
710;BGM-1410;C0
711;BGM-1412;C0
712;BGM-1413;C0
713;BGM-1414;C0
714;BGM-1415;C0
715;BGM-1416;C0
716;BGM-1417;C0
717;BGM-1419;C0
718;BGM-1420;C0
719;BGM-1422;C0
720;BGM-1423;C0
721;BGM-1429;C0
722;BGM-1432;C0
723;BGM-1436;C0
724;BGM-1437;C0
725;BGM-1442;C0
726;BGM-1444;C0
727;BGM-1446;C0
728;BGM-1447;C0
729;BGM-1451;C0
730;BGM-1452;C0
731;BGM-1453;C0
732;BGM-1454;C0
733;BGM-1456;C0
734;BGM-1457;C0
735;BGM-1458;C0
736;BGM-1464;C0
737;BGM-1465;C0
738;BGM-1466;C0
739;BGM-1472;C0
740;BGM-1474;C0
742;BGM-1479;C0
743;BGM-1480;C0
744;BGM-1481;C0
745;BGM-1483;C0
746;BGM-1484;C0
747;BGM-1485;C0
748;BGM-1488;C0
749;BGM-1489;C0
750;BGM-1490;C0
751;BGM-1491;C0
752;BGM-1497;C0
753;BGM-1498;C0
754;BGM-1499;C0
755;BGM-1502;C0
756;BGM-1502-M;C0
757;BGM-1503;C0
758;BGM-1507;C0
759;BGM-1508;C0
760;BGM-1511;C0
761;BGM-1515;C0
762;BGM-1516;C0
763;BGM-1518;C0
764;BGM-1519;C0
765;BGM-1520;C0
766;BGM-1521;C0
767;BGM-1525;C0
768;BGM-1527;C0
769;BGM-1530;C0
770;BGM-1535;C0
771;BGM-1537;C0
772;BGM-1549;C0
773;BGM-1552;C0
774;BGM-1560;C0
775;BGM-1563;C0
776;BGM-1567;C0
777;BGM-1569;C0
778;BGM-1579;C0
779;BGM-1580;C0
781;BGM-1584;C0
782;BGM-1585;C0
783;BGM-1586;C0
784;BGM-1594;C0
785;BGM-1595;C0
786;BGM-1596;C0
787;BGM-1598;C0
788;BGM-1601;C0
789;BGM-1602;C0
790;BGM-1604;C0
791;BGM-1605;C0
792;BGM-1606;C0
793;BGM-1608;C0
794;BGM-1609;C0
795;BGM-1610;C0
796;BGM-1613;C0
797;BGM-1615;C0
798;BGM-1619;C0
799;BGM-1621;C0
800;BGM-1622;C0
801;BGM-1628;C0
802;BGM-1629;C0
803;BGM-1631;C0
804;BGM-1632;C0
805;BGM-1637;C0
806;BGM-1639;C0
807;BGM-1643;C0
808;BGM-1645;C0
809;BGM-1646;C0
810;BGM-1649;C0
811;BGM-1656;C0
812;BGM-1657;C0
813;BGM-1658;C0
815;BGM-1660;C0
816;BGM-1661;C0
817;BGM-1662;C0
818;BGM-1666;C0
819;BGM-1667;C0
820;BGM-1668;C0
821;BGM-1669;C0
822;BGM-1670;C0
823;BGM-1671;C0
824;BGM-1672;C0
825;BGM-1674;C0
826;BGM-1675;C0
827;BGM-1677;C0
828;BGM-1679;C0
829;BGM-1680;C0
830;BGM-1681;C0
831;BGM-1682;C0
832;BGM-1683;C0
833;BGM-1684;C0
834;BGM-1685;C0
835;BGM-1686;C0
836;BGM-1688;C0
837;BGM-1689;C0
838;BGM-1690;C0
839;BGM-1691;C0
840;BGM-1692;C0
841;BGM-1696;C0
842;BGM-1697;C0
843;BGM-1698;C0
844;BGM-1700;C0
845;BGM-1701;C0
846;BGM-1702;C0
847;BGM-1703;C0
848;BGM-1704;C0
849;BGM-1705;C0
850;BGM-1706;C0
851;BGM-1709;C0
852;BGM-1710;C0
853;BGM-1712;C0
854;BGM-1715;C0
856;BGM-1718;C0
857;BGM-1721;C0
858;BGM-1722;C0
859;BGM-1722(D);C0
860;BGM-1723;C0
861;BGM-1725;C0
862;BGM-1726;C0
863;BGM-1727;C0
864;BGM-1728;C0
865;BGM-1729;C0
866;BGM-1730;C0
867;BGM-1732;C0
868;BGM-1733;C0
869;BGM-1734;C0
870;BGM-1737;C0
871;BGM-1738;C0
872;BGM-1739;C0
873;BGM-1741;C0
874;BGM-1742;C0
875;BGM-1743;C0
876;BGM-1744;C0
877;BGM-1745;C0
878;BGM-1747;C0
879;BGM-1748;C0
880;BGM-1749;C0
881;BGM-1750;C0
882;BGM-1752;C0
883;BGM-1753;C0
884;BGM-1754;C0
885;BGM-1756;C0
886;BGM-1757;C0
887;BGM-1759;C0
888;BGM-1759(B);C0
889;BGM-1761;C0
890;BGM-1762;C0
891;BGM-1763;C0
892;BGM-1764;C0
893;BGM-1766;C0
894;BGM-1767;C0
895;BGM-1768;C0
896;BGM-1769;C0
897;BGM-1770;C0
898;BGM-1771;C0
899;BGM-1772;C0
900;BGM-1777;C0
901;BGM-1779;C0
902;BGM-1782;C0
903;BGM-1783;C0
905;BGM-1794;C0
906;BGM-1810;C0
907;BGM-1811;C0
908;BGM-1814;C0
909;BGM-1816;C0
910;BGM-1817;C0
911;BGM-1818;C0
912;BGM-1819;C0
913;BGM-1821;C0
914;BGM-1822;C0
915;BGM-1832;C0
916;BGM-1834;C0
917;BGM-1835;C0
918;BGM-1847;C0
919;BGM-1866;C0
920;BGM-1876;C0
921;BGM-1878;C0
922;BGM-1880;C0
923;BGM-1881;C0
924;BGM-1884;C0
925;BGM-1942;C0
926;BGM-1956;C0
927;BGM-1957;C0
928;BGM-1962;C0
929;BGM-1980;C0
930;BGM-1985;C0
931;BGM-1999;C0
932;BGM-2019;C0
934;BGM-2022;C0
935;BGM-2025;C0
936;BGM-2026;C0
937;BGM-2028;C0
938;BGM-2030;C0
939;BGM-2032;C0
940;BGM-2035;C0
941;BGM-2047;C0
942;BGM-2048;C0
943;BGM-2052;C0
944;BGM-2053;C0
945;BGM-2054;C0
946;BGM-2055;C0
947;BGM-2059;C0
948;BGM-2060;C0
949;BGM-2061;C0
950;BGM-2063;C0
951;BGM-2064;C0
952;BGM-2065;C0
953;BGM-2066;C0
954;BGM-2069;C0
955;BGM-2072;C0
956;BGM-2073;C0
957;BGM-2074;C0
958;BGM-2076;C0
959;BGM-2078;C0
960;BGM-2079;C0
961;BGM-2080;C0
962;BGM-2081;C0
963;BGM-2082;C0
964;BGM-2083;C0
965;BGM-2086;C0
966;BGM-2095;C0
967;BGM-2096;C0
968;BGM-2097;C0
969;BGM-2098;C0
970;BGM-2100;C0
971;BGM-2101;C0
972;BGM-2102;C0
973;BGM-2103;C0
974;BGM-2104;C0
975;BGM-2105;C0
976;BGM-2107;C0
977;BGM-2111;C0
978;BGM-2116;C0
979;BGM-2119;C0
980;BGM-2121;C0
981;BGM-2148;C0
982;BGM-2153;C0
984;BGM-2192;C0
985;BGM-2224;C0
986;BGM-2232;C0
987;BGM-2233;C0
988;BGM-2255;C0
989;BGM-2279(1);C0
990;BGM-2289;C0
991;BGM-2294;C0
992;BGM-2304;C0
993;BGM-2325;C0
994;BGM-2331;C0
995;BGM-2333;C0
996;BGM-2334;C0
997;BGM-2335;C0
998;BGM-2336;C0
999;BGM-2337;C0
1000;BGM-2338;C0
1001;BGM-2339;C0
1002;BGM-2340;C0
1003;BGM-2345;C0
1004;BGM-2349;C0
1530;BGM-2326;C0
1531;BGM-2328;C0
1532;BGM-2329;C0
1533;BGM-2024;C0
1534;BGM-2330;C0
1535;2019g-04-02;C0
1536;BGM-2351;C0
1537;BGM-2090;C0
1539;BGM-2210;C0
1540;Guaira;C0
1541;Sacai;C0
1542;TMEB14;C0
3468;Capixaba;C0
3469;BR-11-03-01;C0
3470;Aipim-Preto-Joselito;C0
3471;BGM-1224;C0
4056;Branca-03-CC;C0
4057;Branca-05-CC;C0
4058;BRS-396;C0
4059;BRS-399;C0
4060;BRS-Aipim-Brasil;C0
4061;BRS-Amansa-Burro;C0
4062;BRS-Caipira;C0
4064;BRS-Formosa-Tetra;C0
4065;BRS-GCP001;C0
4066;BRS-Gema-de-Ovo;C0
4067;BRS-Guaira;C0
4068;BRS-Jari;C0
4070;BRS-Poti-Branca;C0
4071;BRS-Rosada;C0
4072;BRS-Verdinha;C0
3505;BR-18GS-002-122;C1
3506;BR-18GS-002-134;C1
3507;BR-18GS-002-18;C1
3508;BR-18GS-002-3;C1
3509;BR-18GS-002-32;C1
3510;BR-18GS-002-35;C1
3511;BR-18GS-002-42;C1
3512;BR-18GS-002-80;C1
3513;BR-18GS-002-93;C1
3514;BR-18GS-003-10;C1
3515;BR-18GS-003-12;C1
3516;BR-18GS-003-20;C1
3517;BR-18GS-003-27;C1
3518;BR-18GS-003-35;C1
3519;BR-18GS-003-45;C1
3520;BR-18GS-003-46;C1
3521;BR-18GS-003-53;C1
3522;BR-18GS-003-55;C1
3523;BR-18GS-003-56;C1
3524;BR-18GS-005-12;C1
3525;BR-18GS-006-21;C1
3526;BR-18GS-006-22;C1
3527;BR-18GS-006-5;C1
3528;BR-18GS-011-1;C1
3529;BR-18GS-011-11;C1
3530;BR-18GS-011-19;C1
3531;BR-18GS-011-28;C1
3532;BR-18GS-011-29;C1
3533;BR-18GS-011-31;C1
3534;BR-18GS-013-1;C1
3535;BR-18GS-013-15;C1
3536;BR-18GS-013-16;C1
3537;BR-18GS-013-21;C1
3538;BR-18GS-013-24;C1
3539;BR-18GS-013-25;C1
3540;BR-18GS-013-26;C1
3541;BR-18GS-013-27;C1
3542;BR-18GS-013-28;C1
3543;BR-18GS-013-29;C1
3544;BR-18GS-013-30;C1
3545;BR-18GS-013-31;C1
3546;BR-18GS-013-33;C1
3547;BR-18GS-013-34;C1
3548;BR-18GS-013-35;C1
3549;BR-18GS-013-36;C1
3550;BR-18GS-013-37;C1
3551;BR-18GS-013-38;C1
3552;BR-18GS-013-39;C1
3553;BR-18GS-013-40;C1
3554;BR-18GS-013-41;C1
3555;BR-18GS-013-42;C1
3556;BR-18GS-013-45;C1
3557;BR-18GS-013-48;C1
3558;BR-18GS-013-49;C1
3559;BR-18GS-013-50;C1
3560;BR-18GS-013-51;C1
3561;BR-18GS-013-52;C1
3562;BR-18GS-013-53;C1
3563;BR-18GS-013-54;C1
3564;BR-18GS-013-55;C1
3565;BR-18GS-013-58;C1
3566;BR-18GS-013-63;C1
3567;BR-18GS-013-66;C1
3568;BR-18GS-013-68;C1
3569;BR-18GS-014-4;C1
3570;BR-18GS-015-6;C1
3571;BR-18GS-016-1;C1
3572;BR-18GS-016-2;C1
3573;BR-18GS-016-21;C1
3574;BR-18GS-016-5;C1
3575;BR-18GS-016-7;C1
3576;BR-18GS-024-14;C1
3577;BR-18GS-030-3;C1
3578;BR-18GS-030-4;C1
3579;BR-18GS-030-5;C1
3580;BR-18GS-031-1;C1
3581;BR-18GS-031-11;C1
3582;BR-18GS-031-15;C1
3583;BR-18GS-031-17;C1
3584;BR-18GS-031-18;C1
3585;BR-18GS-031-19;C1
3586;BR-18GS-031-21;C1
3587;BR-18GS-031-44;C1
3588;BR-18GS-031-6;C1
3589;BR-18GS-031-74;C1
3590;BR-18GS-031-76;C1
3591;BR-18GS-031-81;C1
3592;BR-18GS-032-1;C1
3593;BR-18GS-032-3;C1
3594;BR-18GS-039-10;C1
3595;BR-18GS-039-13;C1
3596;BR-18GS-039-6;C1
3597;BR-18GS-039-7;C1
3598;BR-18GS-039-9;C1
3599;BR-18GS-040-10;C1
3600;BR-18GS-040-13;C1
3601;BR-18GS-040-8;C1
3602;BR-18GS-044-48;C1
3603;BR-18GS-048-12;C1
3604;BR-18GS-048-21;C1
3605;BR-18GS-048-22;C1
3606;BR-18GS-048-25;C1
3607;BR-18GS-048-4;C1
3608;BR-18GS-048-41;C1
3609;BR-18GS-048-44;C1
3610;BR-18GS-048-47;C1
3611;BR-18GS-048-5;C1
3612;BR-18GS-048-63;C1
3613;BR-18GS-049-8;C1
3614;BR-18GS-054-1;C1
3615;BR-18GS-054-2;C1
3616;BR-18GS-056-1;C1
3617;BR-18GS-056-10;C1
3618;BR-18GS-056-11;C1
3619;BR-18GS-056-12;C1
3620;BR-18GS-056-13;C1
3621;BR-18GS-056-14;C1
3622;BR-18GS-056-15;C1
3623;BR-18GS-056-16;C1
3624;BR-18GS-056-17;C1
3625;BR-18GS-056-22;C1
3626;BR-18GS-056-24;C1
3627;BR-18GS-056-3;C1
3628;BR-18GS-056-33;C1
3629;BR-18GS-056-34;C1
3630;BR-18GS-056-35;C1
3631;BR-18GS-056-38;C1
3632;BR-18GS-056-39;C1
3633;BR-18GS-056-40;C1
3634;BR-18GS-056-42;C1
3635;BR-18GS-056-44;C1
3636;BR-18GS-056-47;C1
3637;BR-18GS-056-48;C1
3638;BR-18GS-056-49;C1
3639;BR-18GS-056-50;C1
3640;BR-18GS-056-51;C1
3641;BR-18GS-056-54;C1
3642;BR-18GS-056-6;C1
3643;BR-18GS-056-7;C1
3644;BR-18GS-056-8;C1
3645;BR-18GS-056-9;C1
3646;BR-18GS-057-15;C1
3647;BR-18GS-063-12;C1
3648;BR-18GS-063-13;C1
3649;BR-18GS-063-14;C1
3650;BR-18GS-063-15;C1
3651;BR-18GS-063-16;C1
3652;BR-18GS-063-17;C1
3653;BR-18GS-063-19;C1
3654;BR-18GS-063-21;C1
3655;BR-18GS-063-23;C1
3656;BR-18GS-063-29;C1
3657;BR-18GS-063-33;C1
3658;BR-18GS-063-34;C1
3659;BR-18GS-063-35;C1
3660;BR-18GS-063-36;C1
3661;BR-18GS-063-37;C1
3662;BR-18GS-063-38;C1
3663;BR-18GS-063-39;C1
3664;BR-18GS-063-41;C1
3665;BR-18GS-063-42;C1
3666;BR-18GS-063-43;C1
3667;BR-18GS-063-44;C1
3668;BR-18GS-063-48;C1
3669;BR-18GS-063-51;C1
3670;BR-18GS-063-58;C1
3671;BR-18GS-063-6;C1
3672;BR-18GS-063-61;C1
3673;BR-18GS-065-41;C1
3674;BR-18GS-065-42;C1
3675;BR-18GS-067-11;C1
3676;BR-18GS-067-20;C1
3677;BR-18GS-067-24;C1
3678;BR-18GS-067-26;C1
3679;BR-18GS-067-27;C1
3680;BR-18GS-067-30;C1
3681;BR-18GS-067-33;C1
3682;BR-18GS-067-6;C1
3683;BR-18GS-067-7;C1
3684;BR-18GS-068-22;C1
3685;BR-18GS-068-27;C1
3686;BR-18GS-068-45;C1
3687;BR-18GS-069-29;C1
3688;BR-18GS-070-13;C1
3689;BR-18GS-071-11;C1
3690;BR-18GS-071-8;C1
3691;BR-18GS-074-9;C1
3692;BR-18GS-075-7;C1
3693;BR-18GS-077-1;C1
3694;BR-18GS-080-9;C1
3695;BR-18GS-081-1;C1
3696;BR-18GS-082-11;C1
3697;BR-18GS-082-12;C1
3698;BR-18GS-082-13;C1
3699;BR-18GS-082-14;C1
3700;BR-18GS-082-15;C1
3701;BR-18GS-082-17;C1
3702;BR-18GS-082-19;C1
3703;BR-18GS-082-3;C1
3704;BR-18GS-082-4;C1
3705;BR-18GS-082-7;C1
3706;BR-18GS-082-8;C1
3707;BR-18GS-083-4;C1
3708;BR-18GS-083-6;C1
3709;BR-18GS-084-1;C1
3710;BR-18GS-084-10;C1
3711;BR-18GS-084-11;C1
3712;BR-18GS-084-14;C1
3713;BR-18GS-084-15;C1
3714;BR-18GS-084-17;C1
3715;BR-18GS-084-19;C1
3716;BR-18GS-084-2;C1
3717;BR-18GS-084-22;C1
3718;BR-18GS-084-31;C1
3719;BR-18GS-084-4;C1
3720;BR-18GS-086-1;C1
3721;BR-18GS-086-11;C1
3722;BR-18GS-086-15;C1
3723;BR-18GS-086-16;C1
3724;BR-18GS-086-3;C1
3725;BR-18GS-086-7;C1
3726;BR-18GS-086-8;C1
3727;BR-18GS-088-5;C1
3728;BR-18GS-088-8;C1
3729;BR-18GS-088-9;C1
3730;BR-18GS-090-4;C1
3731;BR-18GS-091-7;C1
3732;BR-18GS-093-23;C1
3733;BR-18GS-094-1;C1
3734;BR-18GS-094-12;C1
3735;BR-18GS-094-14;C1
3736;BR-18GS-094-16;C1
3737;BR-18GS-094-17;C1
3738;BR-18GS-094-18;C1
3739;BR-18GS-094-21;C1
3740;BR-18GS-094-25;C1
3741;BR-18GS-094-30;C1
3742;BR-18GS-094-31;C1
3743;BR-18GS-094-35;C1
3744;BR-18GS-094-4;C1
3745;BR-18GS-094-41;C1
3746;BR-18GS-094-43;C1
3747;BR-18GS-094-55;C1
3748;BR-18GS-094-56;C1
3749;BR-18GS-094-57;C1
3750;BR-18GS-094-60;C1
3751;BR-18GS-094-63;C1
3752;BR-18GS-094-64;C1
3753;BR-18GS-094-67;C1
3754;BR-18GS-094-68;C1
3755;BR-18GS-094-70;C1
3756;BR-18GS-094-72;C1
3757;BR-18GS-099-9;C1
3758;BR-18GS-100-11;C1
3759;BR-18GS-100-12;C1
3760;BR-18GS-100-21;C1
3761;BR-18GS-100-22;C1
3762;BR-18GS-100-23;C1
3763;BR-18GS-100-9;C1
3764;BR-18GS-101-1;C1
3765;BR-18GS-101-18;C1
3766;BR-18GS-101-22;C1
3767;BR-18GS-101-23;C1
3768;BR-18GS-101-24;C1
3769;BR-18GS-101-25;C1
3770;BR-18GS-101-28;C1
3771;BR-18GS-101-32;C1
3772;BR-18GS-101-37;C1
3773;BR-18GS-101-40;C1
3774;BR-18GS-101-41;C1
3775;BR-18GS-101-42;C1
3776;BR-18GS-101-43;C1
3777;BR-18GS-101-47;C1
3778;BR-18GS-101-8;C1
3779;BR-18GS-103-17;C1
3780;BR-18GS-103-23;C1
3781;BR-18GS-103-30;C1
3782;BR-18GS-103-34;C1
3783;BR-18GS-103-37;C1
3784;BR-18GS-106-15;C1
3785;BR-18GS-107-13;C1
3786;BR-18GS-107-8;C1
3787;BR-18GS-111-1;C1
3788;BR-18GS-111-100;C1
3789;BR-18GS-111-101;C1
3790;BR-18GS-111-105;C1
3791;BR-18GS-111-107;C1
3792;BR-18GS-111-109;C1
3793;BR-18GS-111-113;C1
3794;BR-18GS-111-114;C1
3795;BR-18GS-111-115;C1
3796;BR-18GS-111-116;C1
3797;BR-18GS-111-120;C1
3798;BR-18GS-111-121;C1
3799;BR-18GS-111-122;C1
3800;BR-18GS-111-124;C1
3801;BR-18GS-111-126;C1
3802;BR-18GS-111-129;C1
3803;BR-18GS-111-13;C1
3804;BR-18GS-111-131;C1
3805;BR-18GS-111-14;C1
3806;BR-18GS-111-15;C1
3807;BR-18GS-111-16;C1
3808;BR-18GS-111-17;C1
3809;BR-18GS-111-20;C1
3810;BR-18GS-111-23;C1
3811;BR-18GS-111-28;C1
3812;BR-18GS-111-3;C1
3813;BR-18GS-111-42;C1
3814;BR-18GS-111-45;C1
3815;BR-18GS-111-5;C1
3816;BR-18GS-111-50;C1
3817;BR-18GS-111-51;C1
3818;BR-18GS-111-52;C1
3819;BR-18GS-111-54;C1
3820;BR-18GS-111-57;C1
3821;BR-18GS-111-58;C1
3822;BR-18GS-111-6;C1
3823;BR-18GS-111-69;C1
3824;BR-18GS-111-7;C1
3825;BR-18GS-111-74;C1
3826;BR-18GS-111-78;C1
3827;BR-18GS-111-8;C1
3828;BR-18GS-111-91;C1
3829;BR-18GS-111-98;C1
3830;BR-18GS-113-11;C1
3831;BR-18GS-113-16;C1
3832;BR-18GS-113-18;C1
3833;BR-18GS-113-23;C1
3834;BR-18GS-113-3;C1
3835;BR-18GS-113-5;C1
3836;BR-18GS-113-6;C1
3837;BR-18GS-113-8;C1
3838;BR-18GS-113-9;C1
3839;BR-18GS-115-10;C1
3840;BR-18GS-115-12;C1
3841;BR-18GS-115-2;C1
3842;BR-18GS-115-3;C1
3843;BR-18GS-116-100;C1
3844;BR-18GS-116-105;C1
3845;BR-18GS-116-110;C1
3846;BR-18GS-116-112;C1
3847;BR-18GS-116-117;C1
3848;BR-18GS-116-121;C1
3849;BR-18GS-116-2;C1
3850;BR-18GS-116-20;C1
3851;BR-18GS-116-23;C1
3852;BR-18GS-116-26;C1
3853;BR-18GS-116-33;C1
3854;BR-18GS-116-34;C1
3855;BR-18GS-116-41;C1
3856;BR-18GS-116-43;C1
3857;BR-18GS-116-44;C1
3858;BR-18GS-116-49;C1
3859;BR-18GS-116-50;C1
3860;BR-18GS-116-62;C1
3861;BR-18GS-116-69;C1
3862;BR-18GS-116-76;C1
3863;BR-18GS-116-89;C1
3864;BR-18GS-116-9;C1
3865;BR-18GS-116-91;C1
3866;BR-18GS-116-99;C1
3867;BR-18GS-119-10;C1
3868;BR-18GS-119-18;C1
3869;BR-18GS-119-28;C1
3870;BR-18GS-119-41;C1
3871;BR-18GS-119-43;C1
3872;BR-18GS-119-49;C1
3873;BR-18GS-119-7;C1
3874;BR-18GS-122-19;C1
3875;BR-18GS-123-3;C1
3876;BR-18GS-124-105;C1
3877;BR-18GS-128-12;C1
3878;BR-18GS-128-15;C1
3879;BR-18GS-128-16;C1
3880;BR-18GS-128-24;C1
3881;BR-18GS-128-30;C1
3882;BR-18GS-131-10;C1
3883;BR-18GS-131-11;C1
3884;BR-18GS-131-14;C1
3885;BR-18GS-131-17;C1
3886;BR-18GS-131-18;C1
3887;BR-18GS-131-19;C1
3888;BR-18GS-131-6;C1
3889;BR-18GS-131-9;C1
3890;BR-18GS-134-1;C1
3891;BR-18GS-134-11;C1
3892;BR-18GS-134-12;C1
3893;BR-18GS-134-14;C1
3894;BR-18GS-134-15;C1
3895;BR-18GS-134-16;C1
3896;BR-18GS-134-17;C1
3897;BR-18GS-134-21;C1
3898;BR-18GS-134-22;C1
3899;BR-18GS-134-24;C1
3900;BR-18GS-134-26;C1
3901;BR-18GS-134-27;C1
3902;BR-18GS-134-29;C1
3903;BR-18GS-134-6;C1
3904;BR-18GS-134-8;C1
3905;BR-18GS-136-2;C1
3906;BR-18GS-001-1;C1
3907;BR-18GS-001-10;C1
3908;BR-18GS-001-14;C1
3909;BR-18GS-001-15;C1
3910;BR-18GS-001-18;C1
3911;BR-18GS-001-19;C1
3912;BR-18GS-001-2;C1
3913;BR-18GS-001-20;C1
3914;BR-18GS-001-21;C1
3915;BR-18GS-001-23;C1
3916;BR-18GS-001-24;C1
3917;BR-18GS-001-25;C1
3918;BR-18GS-001-26;C1
3919;BR-18GS-001-27;C1
3920;BR-18GS-001-28;C1
3921;BR-18GS-001-3;C1
3922;BR-18GS-001-30;C1
3923;BR-18GS-001-31;C1
3924;BR-18GS-001-32;C1
3925;BR-18GS-001-34;C1
3926;BR-18GS-001-38;C1
3927;BR-18GS-001-42;C1
3928;BR-18GS-001-5;C1
3929;BR-18GS-001-53;C1
3930;BR-18GS-001-55;C1
3931;BR-18GS-001-56;C1
3932;BR-18GS-001-9;C1
3933;BR-18GS-008-1;C1
3934;BR-18GS-008-19;C1
3935;BR-18GS-008-20;C1
3936;BR-18GS-008-22;C1
3937;BR-18GS-023-2;C1
3938;BR-18GS-032-29;C1
3939;BR-18GS-032-30;C1
3940;BR-18GS-032-37;C1
3941;BR-18GS-042-1;C1
3942;BR-18GS-042-18;C1
3943;BR-18GS-042-27;C1
3944;BR-18GS-042-28;C1
3945;BR-18GS-042-36;C1
3946;BR-18GS-042-46;C1
3947;BR-18GS-042-47;C1
3948;BR-18GS-042-6;C1
3949;BR-18GS-042-8;C1
3950;BR-18GS-052-13;C1
3951;BR-18GS-052-14;C1
3952;BR-18GS-052-16;C1
3953;BR-18GS-052-19;C1
3954;BR-18GS-052-29;C1
3955;BR-18GS-052-31;C1
3956;BR-18GS-052-38;C1
3957;BR-18GS-052-39;C1
3958;BR-18GS-052-40;C1
3959;BR-18GS-052-43;C1
3960;BR-18GS-052-5;C1
3961;BR-18GS-052-51;C1
3962;BR-18GS-052-53;C1
3963;BR-18GS-052-54;C1
3964;BR-18GS-052-60;C1
3965;BR-18GS-052-62;C1
3966;BR-18GS-052-65;C1
3967;BR-18GS-052-66;C1
3968;BR-18GS-052-67;C1
3969;BR-18GS-054-18;C1
3970;BR-18GS-054-22;C1
3971;BR-18GS-054-24;C1
3972;BR-18GS-054-25;C1
3973;BR-18GS-054-28;C1
3974;BR-18GS-054-30;C1
3975;BR-18GS-054-31;C1
3976;BR-18GS-054-32;C1
3977;BR-18GS-054-33;C1
3978;BR-18GS-054-34;C1
3979;BR-18GS-054-40;C1
3980;BR-18GS-054-41;C1
3981;BR-18GS-054-45;C1
3982;BR-18GS-054-47;C1
3983;BR-18GS-054-48;C1
3984;BR-18GS-054-50;C1
3985;BR-18GS-054-52;C1
3986;BR-18GS-054-54;C1
3987;BR-18GS-054-55;C1
3988;BR-18GS-055-28;C1
3989;BR-18GS-064-10;C1
3990;BR-18GS-064-12;C1
3991;BR-18GS-064-14;C1
3992;BR-18GS-064-18;C1
3993;BR-18GS-064-19;C1
3994;BR-18GS-064-2;C1
3995;BR-18GS-064-24;C1
3996;BR-18GS-076-1;C1
3997;BR-18GS-076-10;C1
3998;BR-18GS-076-11;C1
3999;BR-18GS-076-13;C1
4000;BR-18GS-076-14;C1
4001;BR-18GS-076-15;C1
4002;BR-18GS-076-16;C1
4003;BR-18GS-076-17;C1
4004;BR-18GS-076-2;C1
4005;BR-18GS-076-20;C1
4006;BR-18GS-076-22;C1
4007;BR-18GS-076-23;C1
4008;BR-18GS-076-24;C1
4009;BR-18GS-076-26;C1
4010;BR-18GS-076-27;C1
4011;BR-18GS-076-28;C1
4012;BR-18GS-076-29;C1
4013;BR-18GS-076-3;C1
4014;BR-18GS-076-30;C1
4015;BR-18GS-076-32;C1
4016;BR-18GS-076-33;C1
4017;BR-18GS-076-34;C1
4018;BR-18GS-076-36;C1
4019;BR-18GS-076-4;C1
4020;BR-18GS-076-5;C1
4021;BR-18GS-076-6;C1
4022;BR-18GS-076-8;C1
4023;BR-18GS-076-9;C1
4024;BR-18GS-085-11;C1
4025;BR-18GS-085-143;C1
4026;BR-18GS-085-17;C1
4027;BR-18GS-085-21;C1
4028;BR-18GS-085-83;C1
4029;BR-18GS-089-34;C1
4030;BR-18GS-089-44;C1
4031;BR-18GS-089-71;C1
4032;BR-18GS-089-72;C1
4033;BR-18GS-089-73;C1
4034;BR-18GS-089-8;C1
4035;BR-18GS-089-80;C1
4036;BR-18GS-099-28;C1
4037;BR-18GS-102-10;C1
4038;BR-18GS-102-16;C1
4039;BR-18GS-102-7;C1
4040;BR-18GS-109-10;C1
4041;BR-18GS-109-18;C1
4042;BR-18GS-109-20;C1
4043;BR-18GS-109-23;C1
4044;BR-18GS-109-3;C1
4045;BR-18GS-109-6;C1
4046;BR-18GS-129-30;C1
4047;BR-18GS-129-36;C1
4048;BR-18GS-129-48;C1
4049;BR-18GS-129-56;C1
4050;BR-18GS-129-58;C1
4051;BR-18GS-129-59;C1
4052;BR-18GS-129-66;C1
4053;BR-18GS-129-67;C1
4054;BR-18GS-131-20;C1
4055;BR-18GS-131-23;C1
1005;BR-19GS-004-2;C2
1006;BR-19GS-007-21;C2
1007;BR-19GS-005-1;C2
1008;BR-19GS-007-23;C2
1009;BR-19GS-005-2;C2
1010;BR-19GS-005-11;C2
1011;BR-19GS-007-41;C2
1012;BR-19GS-005-5;C2
1013;BR-19GS-005-14;C2
1014;BR-19GS-007-2;C2
1015;BR-19GS-007-18;C2
1016;BR-19GS-007-3;C2
1017;BR-19GS-007-43;C2
1018;BR-19GS-009-2;C2
1019;BR-19GS-015-10;C2
1020;BR-19GS-009-3;C2
1021;BR-19GS-009-4;C2
1022;BR-19GS-013-2;C2
1023;BR-19GS-013-10;C2
1024;BR-19GS-009-6;C2
1025;BR-19GS-010-6;C2
1026;BR-19GS-009-1;C2
1027;BR-19GS-009-9;C2
1028;BR-19GS-010-7;C2
1029;BR-19GS-011-8;C2
1030;BR-19GS-016-39;C2
1031;BR-19GS-016-8;C2
1032;BR-19GS-016-33;C2
1033;BR-19GS-017-8;C2
1034;BR-19GS-019-4;C2
1035;BR-19GS-016-35;C2
1036;BR-19GS-017-2;C2
1037;BR-19GS-018-1;C2
1038;BR-19GS-016-29;C2
1039;BR-19GS-019-6;C2
1040;BR-19GS-019-14;C2
1041;BR-19GS-020-9;C2
1042;BR-19GS-024-1;C2
1043;BR-19GS-024-9;C2
1044;BR-19GS-024-25;C2
1045;BR-19GS-024-33;C2
1046;BR-19GS-019-7;C2
1047;BR-19GS-023-7;C2
1048;BR-19GS-024-2;C2
1049;BR-19GS-024-10;C2
1050;BR-19GS-024-18;C2
1051;BR-19GS-024-26;C2
1052;BR-19GS-024-34;C2
1053;BR-19GS-019-16;C2
1054;BR-19GS-022-13;C2
1055;BR-19GS-023-8;C2
1056;BR-19GS-024-19;C2
1057;BR-19GS-024-35;C2
1058;BR-19GS-019-17;C2
1059;BR-19GS-022-6;C2
1060;BR-19GS-023-9;C2
1061;BR-19GS-024-4;C2
1062;BR-19GS-019-10;C2
1063;BR-19GS-024-13;C2
1064;BR-19GS-022-8;C2
1065;BR-19GS-023-11;C2
1066;BR-19GS-024-6;C2
1067;BR-19GS-024-30;C2
1068;BR-19GS-022-1;C2
1069;BR-19GS-023-4;C2
1070;BR-19GS-023-12;C2
1071;BR-19GS-024-23;C2
1072;BR-19GS-020-8;C2
1073;BR-19GS-023-13;C2
1074;BR-19GS-024-8;C2
1075;BR-19GS-024-24;C2
1076;BR-19GS-024-79;C2
1077;BR-19GS-024-56;C2
1078;BR-19GS-027-3;C2
1079;BR-19GS-024-41;C2
1080;BR-19GS-024-81;C2
1081;BR-19GS-028-5;C2
1082;BR-19GS-024-50;C2
1083;BR-19GS-024-74;C2
1084;BR-19GS-024-82;C2
1085;BR-19GS-024-43;C2
1086;BR-19GS-024-51;C2
1087;BR-19GS-024-75;C2
1088;BR-19GS-030-2;C2
1089;BR-19GS-024-52;C2
1090;BR-19GS-024-60;C2
1091;BR-19GS-024-76;C2
1092;BR-19GS-027-23;C2
1093;BR-19GS-030-3;C2
1094;BR-19GS-024-77;C2
1095;BR-19GS-028-2;C2
1096;BR-19GS-030-4;C2
1097;BR-19GS-030-36;C2
1098;BR-19GS-032-19;C2
1099;BR-19GS-033-1;C2
1100;BR-19GS-030-5;C2
1101;BR-19GS-030-13;C2
1102;BR-19GS-030-21;C2
1103;BR-19GS-030-29;C2
1104;BR-19GS-030-37;C2
1105;BR-19GS-033-2;C2
1106;BR-19GS-030-6;C2
1107;BR-19GS-030-15;C2
1108;BR-19GS-030-23;C2
1109;BR-19GS-030-39;C2
1110;BR-19GS-032-22;C2
1111;BR-19GS-033-4;C2
1112;BR-19GS-033-20;C2
1113;BR-19GS-030-24;C2
1114;BR-19GS-030-32;C2
1115;BR-19GS-030-9;C2
1116;BR-19GS-030-33;C2
1117;BR-19GS-033-14;C2
1118;BR-19GS-030-34;C2
1119;BR-19GS-032-26;C2
1120;BR-19GS-033-8;C2
1121;BR-19GS-036-4;C2
1122;BR-19GS-038-8;C2
1123;BR-19GS-038-16;C2
1124;BR-19GS-038-32;C2
1125;BR-19GS-033-24;C2
1126;BR-19GS-034-16;C2
1127;BR-19GS-036-13;C2
1128;BR-19GS-038-17;C2
1129;BR-19GS-038-25;C2
1130;BR-19GS-036-14;C2
1131;BR-19GS-038-10;C2
1132;BR-19GS-038-26;C2
1133;BR-19GS-038-34;C2
1134;BR-19GS-035-7;C2
1135;BR-19GS-036-7;C2
1136;BR-19GS-036-15;C2
1137;BR-19GS-038-11;C2
1138;BR-19GS-038-19;C2
1139;BR-19GS-038-27;C2
1140;BR-19GS-038-35;C2
1141;BR-19GS-038-43;C2
1142;BR-19GS-036-16;C2
1143;BR-19GS-038-4;C2
1144;BR-19GS-038-44;C2
1145;BR-19GS-034-12;C2
1146;BR-19GS-038-5;C2
1147;BR-19GS-038-37;C2
1148;BR-19GS-034-5;C2
1149;BR-19GS-034-21;C2
1150;BR-19GS-036-18;C2
1151;BR-19GS-038-14;C2
1152;BR-19GS-038-22;C2
1153;BR-19GS-038-38;C2
1154;BR-19GS-036-3;C2
1155;BR-19GS-038-7;C2
1156;BR-19GS-038-15;C2
1157;BR-19GS-038-61;C2
1158;BR-19GS-038-69;C2
1159;BR-19GS-038-86;C2
1160;BR-19GS-038-102;C2
1161;BR-19GS-038-111;C2
1162;BR-19GS-038-127;C2
1163;BR-19GS-038-79;C2
1164;BR-19GS-038-95;C2
1165;BR-19GS-038-103;C2
1166;BR-19GS-038-96;C2
1167;BR-19GS-038-104;C2
1168;BR-19GS-038-113;C2
1169;BR-19GS-038-57;C2
1170;BR-19GS-038-81;C2
1171;BR-19GS-038-130;C2
1172;BR-19GS-038-138;C2
1173;BR-19GS-038-50;C2
1174;BR-19GS-038-58;C2
1175;BR-19GS-038-74;C2
1176;BR-19GS-038-90;C2
1177;BR-19GS-038-106;C2
1178;BR-19GS-038-123;C2
1179;BR-19GS-038-131;C2
1180;BR-19GS-038-139;C2
1181;BR-19GS-038-51;C2
1182;BR-19GS-038-75;C2
1183;BR-19GS-038-83;C2
1184;BR-19GS-038-99;C2
1185;BR-19GS-038-124;C2
1186;BR-19GS-038-140;C2
1187;BR-19GS-038-76;C2
1188;BR-19GS-038-117;C2
1189;BR-19GS-038-125;C2
1190;BR-19GS-038-60;C2
1191;BR-19GS-038-77;C2
1192;BR-19GS-038-101;C2
1193;BR-19GS-038-126;C2
1194;BR-19GS-038-134;C2
1195;BR-19GS-038-158;C2
1196;BR-19GS-038-175;C2
1197;BR-19GS-038-207;C2
1198;BR-19GS-038-231;C2
1199;BR-19GS-038-142;C2
1200;BR-19GS-038-192;C2
1201;BR-19GS-038-200;C2
1202;BR-19GS-038-216;C2
1203;BR-19GS-038-151;C2
1204;BR-19GS-038-161;C2
1205;BR-19GS-038-234;C2
1206;BR-19GS-038-145;C2
1207;BR-19GS-038-179;C2
1208;BR-19GS-038-195;C2
1209;BR-19GS-038-211;C2
1210;BR-19GS-038-219;C2
1211;BR-19GS-038-227;C2
1212;BR-19GS-038-146;C2
1213;BR-19GS-038-163;C2
1214;BR-19GS-038-220;C2
1215;BR-19GS-038-228;C2
1216;BR-19GS-038-164;C2
1217;BR-19GS-038-173;C2
1218;BR-19GS-038-181;C2
1219;BR-19GS-038-221;C2
1220;BR-19GS-038-229;C2
1221;BR-19GS-038-148;C2
1222;BR-19GS-038-166;C2
1223;BR-19GS-038-206;C2
1224;BR-19GS-038-230;C2
1225;BR-19GS-038-237;C2
1226;BR-19GS-037-72;C2
1227;BR-19GS-037-57;C2
1228;BR-19GS-038-239;C2
1229;BR-19GS-037-34;C2
1230;BR-19GS-037-82;C2
1231;BR-19GS-037-12;C2
1232;BR-19GS-037-67;C2
1233;BR-19GS-037-75;C2
1234;BR-19GS-038-241;C2
1235;BR-19GS-037-53;C2
1236;BR-19GS-038-243;C2
1237;BR-19GS-037-15;C2
1238;BR-19GS-037-23;C2
1239;BR-19GS-037-70;C2
1240;BR-19GS-038-244;C2
1241;BR-19GS-037-24;C2
1242;BR-19GS-037-47;C2
1243;BR-19GS-037-71;C2
1244;BR-19GS-039-2;C2
1245;BR-19GS-042-5;C2
1246;BR-19GS-045-21;C2
1247;BR-19GS-045-45;C2
1248;BR-19GS-037-88;C2
1249;BR-19GS-042-6;C2
1250;BR-19GS-044-1;C2
1251;BR-19GS-045-7;C2
1252;BR-19GS-045-15;C2
1253;BR-19GS-040-10;C2
1254;BR-19GS-045-8;C2
1255;BR-19GS-045-23;C2
1256;BR-19GS-040-3;C2
1257;BR-19GS-041-8;C2
1258;BR-19GS-045-9;C2
1259;BR-19GS-045-17;C2
1260;BR-19GS-045-24;C2
1261;BR-19GS-040-4;C2
1262;BR-19GS-042-1;C2
1263;BR-19GS-043-1;C2
1264;BR-19GS-045-2;C2
1265;BR-19GS-045-10;C2
1266;BR-19GS-037-93;C2
1267;BR-19GS-045-3;C2
1268;BR-19GS-045-11;C2
1269;BR-19GS-045-34;C2
1270;BR-19GS-045-42;C2
1271;BR-19GS-040-6;C2
1272;BR-19GS-042-3;C2
1273;BR-19GS-045-35;C2
1274;BR-19GS-045-43;C2
1275;BR-19GS-046-36;C2
1276;BR-19GS-047-7;C2
1277;BR-19GS-048-17;C2
1278;BR-19GS-045-58;C2
1279;BR-19GS-046-29;C2
1280;BR-19GS-047-9;C2
1281;BR-19GS-048-18;C2
1282;BR-19GS-045-52;C2
1283;BR-19GS-045-59;C2
1284;BR-19GS-046-30;C2
1285;BR-19GS-047-1;C2
1286;BR-19GS-047-10;C2
1287;BR-19GS-048-19;C2
1288;BR-19GS-045-60;C2
1289;BR-19GS-046-31;C2
1290;BR-19GS-048-4;C2
1291;BR-19GS-045-61;C2
1292;BR-19GS-046-7;C2
1293;BR-19GS-046-32;C2
1294;BR-19GS-047-12;C2
1295;BR-19GS-048-13;C2
1296;BR-19GS-045-63;C2
1297;BR-19GS-045-72;C2
1298;BR-19GS-046-17;C2
1299;BR-19GS-046-33;C2
1300;BR-19GS-047-4;C2
1301;BR-19GS-048-6;C2
1302;BR-19GS-048-22;C2
1303;BR-19GS-045-64;C2
1304;BR-19GS-046-1;C2
1305;BR-19GS-046-9;C2
1306;BR-19GS-046-26;C2
1307;BR-19GS-047-5;C2
1308;BR-19GS-048-7;C2
1309;BR-19GS-045-65;C2
1310;BR-19GS-047-15;C2
1311;BR-19GS-048-8;C2
1312;BR-19GS-048-23;C2
1313;BR-19GS-049-6;C2
1314;BR-19GS-051-5;C2
1315;BR-19GS-051-25;C2
1316;BR-19GS-055-1;C2
1317;BR-19GS-055-9;C2
1318;BR-19GS-049-7;C2
1319;BR-19GS-052-1;C2
1320;BR-19GS-055-10;C2
1321;BR-19GS-055-18;C2
1322;BR-19GS-052-2;C2
1323;BR-19GS-050-9;C2
1324;BR-19GS-052-3;C2
1325;BR-19GS-053-5;C2
1326;BR-19GS-049-10;C2
1327;BR-19GS-050-2;C2
1328;BR-19GS-051-19;C2
1329;BR-19GS-053-6;C2
1330;BR-19GS-050-3;C2
1331;BR-19GS-052-5;C2
1332;BR-19GS-054-1;C2
1333;BR-19GS-049-4;C2
1334;BR-19GS-051-3;C2
1335;BR-19GS-052-6;C2
1336;BR-19GS-055-23;C2
1337;BR-19GS-050-5;C2
1338;BR-19GS-053-1;C2
1339;BR-19GS-054-3;C2
1340;BR-19GS-055-16;C2
1341;BR-19GS-055-31;C2
1342;BR-19GS-055-47;C2
1343;BR-19GS-056-9;C2
1344;BR-19GS-060-10;C2
1345;BR-19GS-060-26;C2
1346;BR-19GS-060-3;C2
1347;BR-19GS-060-11;C2
1348;BR-19GS-056-3;C2
1349;BR-19GS-060-20;C2
1350;BR-19GS-060-28;C2
1351;BR-19GS-055-50;C2
1352;BR-19GS-057-1;C2
1353;BR-19GS-055-51;C2
1354;BR-19GS-056-5;C2
1355;BR-19GS-057-2;C2
1356;BR-19GS-060-14;C2
1357;BR-19GS-060-22;C2
1358;BR-19GS-056-6;C2
1359;BR-19GS-057-3;C2
1360;BR-19GS-060-23;C2
1361;BR-19GS-058-1;C2
1362;BR-19GS-060-17;C2
1363;BR-19GS-060-41;C2
1364;BR-19GS-060-73;C2
1365;BR-19GS-061-9;C2
1366;BR-19GS-062-4;C2
1367;BR-19GS-063-8;C2
1368;BR-19GS-063-16;C2
1369;BR-19GS-063-32;C2
1370;BR-19GS-060-58;C2
1371;BR-19GS-060-74;C2
1372;BR-19GS-063-9;C2
1373;BR-19GS-063-25;C2
1374;BR-19GS-060-50;C2
1375;BR-19GS-060-59;C2
1376;BR-19GS-060-75;C2
1377;BR-19GS-061-11;C2
1378;BR-19GS-061-20;C2
1379;BR-19GS-063-10;C2
1380;BR-19GS-060-68;C2
1381;BR-19GS-061-4;C2
1382;BR-19GS-063-3;C2
1383;BR-19GS-063-11;C2
1384;BR-19GS-063-19;C2
1385;BR-19GS-063-27;C2
1386;BR-19GS-063-35;C2
1387;BR-19GS-060-61;C2
1388;BR-19GS-060-69;C2
1389;BR-19GS-060-77;C2
1390;BR-19GS-061-5;C2
1391;BR-19GS-063-4;C2
1392;BR-19GS-063-12;C2
1393;BR-19GS-063-20;C2
1394;BR-19GS-063-36;C2
1395;BR-19GS-060-62;C2
1396;BR-19GS-061-15;C2
1397;BR-19GS-063-29;C2
1398;BR-19GS-063-37;C2
1399;BR-19GS-060-71;C2
1400;BR-19GS-060-79;C2
1401;BR-19GS-063-14;C2
1402;BR-19GS-063-15;C2
1403;BR-19GS-063-23;C2
1404;BR-19GS-063-31;C2
1405;BR-19GS-064-1;C2
1406;BR-19GS-064-10;C2
1407;BR-19GS-007-44;C2
1408;BR-19GS-013-25;C2
1409;BR-19GS-016-49;C2
1410;BR-19GS-063-63;C2
1411;BR-19GS-065-1;C2
1412;BR-19GS-001-19;C2
1413;BR-19GS-007-46;C2
1414;BR-19GS-063-40;C2
1415;BR-19GS-063-48;C2
1416;BR-19GS-064-4;C2
1417;BR-19GS-015-12;C2
1418;BR-19GS-018-35;C2
1419;BR-19GS-063-41;C2
1420;BR-19GS-063-49;C2
1421;BR-19GS-063-57;C2
1422;BR-19GS-063-65;C2
1423;BR-19GS-064-5;C2
1424;BR-19GS-001-21;C2
1425;BR-19GS-015-13;C2
1426;BR-19GS-016-52;C2
1427;BR-19GS-063-42;C2
1428;BR-19GS-063-66;C2
1429;BR-19GS-001-14;C2
1430;BR-19GS-001-22;C2
1431;BR-19GS-016-53;C2
1432;BR-19GS-063-59;C2
1433;BR-19GS-063-67;C2
1434;BR-19GS-001-23;C2
1435;BR-19GS-016-43;C2
1436;BR-19GS-063-52;C2
1437;BR-19GS-064-8;C2
1438;BR-19GS-001-16;C2
1439;BR-19GS-009-12;C2
1440;BR-19GS-018-31;C2
1441;BR-19GS-001-17;C2
1442;BR-19GS-016-47;C2
1443;BR-19GS-016-57;C2
1444;BR-19GS-018-32;C2
1445;BR-19GS-030-55;C2
1446;BR-19GS-019-79;C2
1447;BR-19GS-030-47;C2
1448;BR-19GS-019-80;C2
1449;BR-19GS-030-48;C2
1450;BR-19GS-030-57;C2
1451;BR-19GS-018-44;C2
1452;BR-19GS-019-30;C2
1453;BR-19GS-019-49;C2
1454;BR-19GS-019-84;C2
1455;BR-19GS-030-52;C2
1456;BR-19GS-024-97;C2
1457;BR-19GS-034-38;C2
1458;BR-19GS-037-102;C2
1459;BR-19GS-037-112;C2
1460;BR-19GS-042-11;C2
1461;BR-19GS-043-13;C2
1462;BR-19GS-034-40;C2
1463;BR-19GS-037-104;C2
1464;BR-19GS-037-113;C2
1465;BR-19GS-042-12;C2
1466;BR-19GS-043-14;C2
1467;BR-19GS-048-27;C2
1468;BR-19GS-051-27;C2
1469;BR-19GS-052-14;C2
1470;BR-19GS-034-42;C2
1471;BR-19GS-037-115;C2
1472;BR-19GS-053-8;C2
1473;BR-19GS-034-26;C2
1474;BR-19GS-037-116;C2
1475;BR-19GS-043-6;C2
1476;BR-19GS-048-29;C2
1477;BR-19GS-034-44;C2
1478;BR-19GS-037-97;C2
1479;BR-19GS-037-108;C2
1480;BR-19GS-045-79;C2
1481;BR-19GS-033-25;C2
1482;BR-19GS-040-12;C2
1483;BR-19GS-037-100;C2
1484;BR-19GS-042-9;C2
1485;BR-19GS-043-10;C2
1486;BR-19GS-052-11;C2
1487;BR-19GS-034-36;C2
1488;BR-19GS-042-10;C2
1489;BR-19GS-057-9;C2
1490;BR-19GS-063-72;C2
1491;BR-19GS-063-73;C2
1492;BR-19GS-085-2;C2
1493;BR-19GS-055-58;C2
1494;BR-19GS-057-4;C2
1495;BR-19GS-055-60;C2
1496;BR-19GS-076-7;C2
1497;BR-19GS-085-5;C2
1498;BR-19GS-095-2;C2
1499;BR-19GS-108-1;C2
1500;BR-19GS-109-6;C2
1501;BR-19GS-085-6;C2
1502;BR-19GS-095-3;C2
1503;BR-19GS-095-13;C2
1504;BR-19GS-085-7;C2
1505;BR-19GS-095-5;C2
1506;BR-19GS-112-1;C2
1507;BR-19GS-095-6;C2
1508;BR-19GS-105-1;C2
1509;BR-19GS-085-11;C2
1510;BR-19GS-094-3;C2
1511;BR-19GS-098-3;C2
1512;BR-19GS-105-2;C2
1513;BR-19GS-113-7;C2
1514;BR-19GS-094-4;C2
1515;BR-19GS-099-1;C2
1516;BR-19GS-109-4;C2
1517;BR-19GS-109-13;C2
1518;BR-19GS-112-4;C2
1519;BR-19GS-087-1;C2
1520;BR-19GS-099-2;C2
1521;BR-19GS-109-5;C2
1522;BR-19GS-121-2;C2
1523;BR-19GS-123-6;C2
1524;BR-19GS-137-4;C2
1525;BR-19GS-144-1;C2
1526;BR-19GS-120-1;C2
1527;BR-19GS-117-1;C2
1528;BR-19GS-125-1;C2
1529;BR-19GS-156-9;C2
1543;BR-21GS-C3-002-6;C3
1544;BR-21GS-C3-010-5;C3
1545;BR-21GS-C3-014-8;C3
1546;BR-21GS-C3-016-2;C3
1547;BR-21GS-C3-016-23;C3
1548;BR-21GS-C3-018-19;C3
1549;BR-21GS-C3-021-5;C3
1550;BR-21GS-C3-022-8;C3
1551;BR-21GS-C3-023-7;C3
1552;BR-21GS-C3-024-13;C3
1553;BR-21GS-C3-024-33;C3
1554;BR-21GS-C3-024-44;C3
1555;BR-21GS-C3-002-11;C3
1556;BR-21GS-C3-010-7;C3
1557;BR-21GS-C3-014-11;C3
1558;BR-21GS-C3-016-3;C3
1559;BR-21GS-C3-017-2;C3
1560;BR-21GS-C3-018-20;C3
1561;BR-21GS-C3-021-13;C3
1562;BR-21GS-C3-022-10;C3
1563;BR-21GS-C3-023-8;C3
1564;BR-21GS-C3-024-21;C3
1565;BR-21GS-C3-024-36;C3
1566;BR-21GS-C3-024-45;C3
1567;BR-21GS-C3-006-3;C3
1568;BR-21GS-C3-010-12;C3
1569;BR-21GS-C3-015-25;C3
1570;BR-21GS-C3-016-10;C3
1571;BR-21GS-C3-018-1;C3
1572;BR-21GS-C3-018-22;C3
1573;BR-21GS-C3-021-15;C3
1574;BR-21GS-C3-022-11;C3
1575;BR-21GS-C3-023-9;C3
1576;BR-21GS-C3-024-22;C3
1577;BR-21GS-C3-024-37;C3
1578;BR-21GS-C3-024-46;C3
1579;BR-21GS-C3-008-1;C3
1580;BR-21GS-C3-012-2;C3
1581;BR-21GS-C3-015-26;C3
1582;BR-21GS-C3-016-13;C3
1583;BR-21GS-C3-018-2;C3
1584;BR-21GS-C3-019-4;C3
1585;BR-21GS-C3-021-17;C3
1586;BR-21GS-C3-022-18;C3
1587;BR-21GS-C3-023-15;C3
1588;BR-21GS-C3-024-24;C3
1589;BR-21GS-C3-024-39;C3
1590;BR-21GS-C3-024-48;C3
1591;BR-21GS-C3-008-2;C3
1592;BR-21GS-C3-012-3;C3
1593;BR-21GS-C3-015-27;C3
1594;BR-21GS-C3-016-18;C3
1595;BR-21GS-C3-018-6;C3
1596;BR-21GS-C3-019-5;C3
1597;BR-21GS-C3-021-18;C3
1598;BR-21GS-C3-022-19;C3
1599;BR-21GS-C3-023-16;C3
1600;BR-21GS-C3-024-26;C3
1601;BR-21GS-C3-024-40;C3
1602;BR-21GS-C3-024-49;C3
1603;BR-21GS-C3-008-5;C3
1604;BR-21GS-C3-015-28;C3
1605;BR-21GS-C3-016-19;C3
1606;BR-21GS-C3-018-12;C3
1607;BR-21GS-C3-020-2;C3
1608;BR-21GS-C3-021-19;C3
1609;BR-21GS-C3-023-1;C3
1610;BR-21GS-C3-023-17;C3
1611;BR-21GS-C3-024-27;C3
1612;BR-21GS-C3-024-41;C3
1613;BR-21GS-C3-024-52;C3
1614;BR-21GS-C3-009-6;C3
1615;BR-21GS-C3-015-31;C3
1616;BR-21GS-C3-016-20;C3
1617;BR-21GS-C3-018-14;C3
1618;BR-21GS-C3-020-5;C3
1619;BR-21GS-C3-022-6;C3
1620;BR-21GS-C3-023-4;C3
1621;BR-21GS-C3-023-19;C3
1622;BR-21GS-C3-024-30;C3
1623;BR-21GS-C3-024-42;C3
1624;BR-21GS-C3-009-7;C3
1625;BR-21GS-C3-014-6;C3
1626;BR-21GS-C3-015-32;C3
1627;BR-21GS-C3-016-21;C3
1628;BR-21GS-C3-018-17;C3
1629;BR-21GS-C3-020-6;C3
1630;BR-21GS-C3-022-7;C3
1631;BR-21GS-C3-023-6;C3
1632;BR-21GS-C3-023-20;C3
1633;BR-21GS-C3-024-31;C3
1634;BR-21GS-C3-024-43;C3
1635;BR-21GS-C3-024-53;C3
1636;BR-21GS-C3-025-8;C3
1637;BR-21GS-C3-027-9;C3
1638;BR-21GS-C3-029-9;C3
1639;BR-21GS-C3-031-2;C3
1640;BR-21GS-C3-031-12;C3
1641;BR-21GS-C3-032-8;C3
1642;BR-21GS-C3-032-20;C3
1643;BR-21GS-C3-032-34;C3
1644;BR-21GS-C3-032-56;C3
1645;BR-21GS-C3-034-2;C3
1646;BR-21GS-C3-035-10;C3
1647;BR-21GS-C3-024-55;C3
1648;BR-21GS-C3-025-9;C3
1649;BR-21GS-C3-029-1;C3
1650;BR-21GS-C3-029-10;C3
1651;BR-21GS-C3-031-3;C3
1652;BR-21GS-C3-031-13;C3
1653;BR-21GS-C3-032-9;C3
1654;BR-21GS-C3-032-23;C3
1655;BR-21GS-C3-032-36;C3
1656;BR-21GS-C3-033-1;C3
1657;BR-21GS-C3-035-1;C3
1658;BR-21GS-C3-035-11;C3
1659;BR-21GS-C3-024-58;C3
1660;BR-21GS-C3-026-1;C3
1661;BR-21GS-C3-029-2;C3
1662;BR-21GS-C3-029-11;C3
1663;BR-21GS-C3-031-5;C3
1664;BR-21GS-C3-032-10;C3
1665;BR-21GS-C3-032-24;C3
1666;BR-21GS-C3-032-39;C3
1667;BR-21GS-C3-033-2;C3
1668;BR-21GS-C3-035-2;C3
1669;BR-21GS-C3-035-12;C3
1670;BR-21GS-C3-025-2;C3
1671;BR-21GS-C3-027-1;C3
1672;BR-21GS-C3-029-4;C3
1673;BR-21GS-C3-029-12;C3
1674;BR-21GS-C3-031-6;C3
1675;BR-21GS-C3-031-16;C3
1676;BR-21GS-C3-032-12;C3
1677;BR-21GS-C3-032-25;C3
1678;BR-21GS-C3-032-47;C3
1679;BR-21GS-C3-033-3;C3
1680;BR-21GS-C3-035-4;C3
1681;BR-21GS-C3-035-13;C3
1682;BR-21GS-C3-025-3;C3
1683;BR-21GS-C3-027-2;C3
1684;BR-21GS-C3-029-5;C3
1685;BR-21GS-C3-029-15;C3
1686;BR-21GS-C3-031-7;C3
1687;BR-21GS-C3-032-14;C3
1688;BR-21GS-C3-032-26;C3
1689;BR-21GS-C3-032-48;C3
1690;BR-21GS-C3-033-4;C3
1691;BR-21GS-C3-035-5;C3
1692;BR-21GS-C3-035-14;C3
1693;BR-21GS-C3-025-4;C3
1694;BR-21GS-C3-027-3;C3
1695;BR-21GS-C3-029-16;C3
1696;BR-21GS-C3-031-9;C3
1697;BR-21GS-C3-032-2;C3
1698;BR-21GS-C3-032-15;C3
1699;BR-21GS-C3-032-30;C3
1700;BR-21GS-C3-032-49;C3
1701;BR-21GS-C3-033-5;C3
1702;BR-21GS-C3-035-6;C3
1703;BR-21GS-C3-035-16;C3
1704;BR-21GS-C3-025-6;C3
1705;BR-21GS-C3-027-4;C3
1706;BR-21GS-C3-029-7;C3
1707;BR-21GS-C3-029-17;C3
1708;BR-21GS-C3-031-10;C3
1709;BR-21GS-C3-032-3;C3
1710;BR-21GS-C3-032-16;C3
1711;BR-21GS-C3-032-32;C3
1712;BR-21GS-C3-032-51;C3
1713;BR-21GS-C3-033-6;C3
1714;BR-21GS-C3-035-7;C3
1715;BR-21GS-C3-025-7;C3
1716;BR-21GS-C3-027-6;C3
1717;BR-21GS-C3-029-8;C3
1718;BR-21GS-C3-030-1;C3
1719;BR-21GS-C3-031-11;C3
1720;BR-21GS-C3-032-7;C3
1721;BR-21GS-C3-032-18;C3
1722;BR-21GS-C3-032-55;C3
1723;BR-21GS-C3-034-1;C3
1724;BR-21GS-C3-035-9;C3
1725;BR-21GS-C3-035-17;C3
1726;BR-21GS-C3-035-28;C3
1727;BR-21GS-C3-035-37;C3
1728;BR-21GS-C3-035-48;C3
1729;BR-21GS-C3-036-11;C3
1730;BR-21GS-C3-036-23;C3
1731;BR-21GS-C3-036-33;C3
1732;BR-21GS-C3-036-42;C3
1733;BR-21GS-C3-036-51;C3
1734;BR-21GS-C3-036-59;C3
1735;BR-21GS-C3-036-70;C3
1736;BR-21GS-C3-038-4;C3
1737;BR-21GS-C3-035-18;C3
1738;BR-21GS-C3-035-30;C3
1739;BR-21GS-C3-035-38;C3
1740;BR-21GS-C3-036-1;C3
1741;BR-21GS-C3-036-14;C3
1742;BR-21GS-C3-036-25;C3
1743;BR-21GS-C3-036-34;C3
1744;BR-21GS-C3-036-43;C3
1745;BR-21GS-C3-036-52;C3
1746;BR-21GS-C3-036-61;C3
1747;BR-21GS-C3-036-71;C3
1748;BR-21GS-C3-038-5;C3
1749;BR-21GS-C3-035-19;C3
1750;BR-21GS-C3-035-31;C3
1751;BR-21GS-C3-035-40;C3
1752;BR-21GS-C3-036-3;C3
1753;BR-21GS-C3-036-15;C3
1754;BR-21GS-C3-036-26;C3
1755;BR-21GS-C3-036-35;C3
1756;BR-21GS-C3-036-44;C3
1757;BR-21GS-C3-036-53;C3
1758;BR-21GS-C3-036-62;C3
1759;BR-21GS-C3-036-72;C3
1760;BR-21GS-C3-039-1;C3
1761;BR-21GS-C3-035-22;C3
1762;BR-21GS-C3-035-32;C3
1763;BR-21GS-C3-035-41;C3
1764;BR-21GS-C3-036-4;C3
1765;BR-21GS-C3-036-16;C3
1766;BR-21GS-C3-036-27;C3
1767;BR-21GS-C3-036-36;C3
1768;BR-21GS-C3-036-45;C3
1769;BR-21GS-C3-036-54;C3
1770;BR-21GS-C3-036-63;C3
1771;BR-21GS-C3-036-74;C3
1772;BR-21GS-C3-039-2;C3
1773;BR-21GS-C3-035-23;C3
1774;BR-21GS-C3-035-33;C3
1775;BR-21GS-C3-035-42;C3
1776;BR-21GS-C3-036-5;C3
1777;BR-21GS-C3-036-17;C3
1778;BR-21GS-C3-036-28;C3
1779;BR-21GS-C3-036-38;C3
1780;BR-21GS-C3-036-46;C3
1781;BR-21GS-C3-036-55;C3
1782;BR-21GS-C3-036-64;C3
1783;BR-21GS-C3-037-2;C3
1784;BR-21GS-C3-040-1;C3
1785;BR-21GS-C3-035-24;C3
1786;BR-21GS-C3-035-34;C3
1787;BR-21GS-C3-035-44;C3
1788;BR-21GS-C3-036-7;C3
1789;BR-21GS-C3-036-19;C3
1790;BR-21GS-C3-036-29;C3
1791;BR-21GS-C3-036-39;C3
1792;BR-21GS-C3-036-48;C3
1793;BR-21GS-C3-036-56;C3
1794;BR-21GS-C3-036-65;C3
1795;BR-21GS-C3-038-1;C3
1796;BR-21GS-C3-041-1;C3
1797;BR-21GS-C3-035-25;C3
1798;BR-21GS-C3-035-35;C3
1799;BR-21GS-C3-035-46;C3
1800;BR-21GS-C3-036-8;C3
1801;BR-21GS-C3-036-20;C3
1802;BR-21GS-C3-036-40;C3
1803;BR-21GS-C3-036-49;C3
1804;BR-21GS-C3-036-57;C3
1805;BR-21GS-C3-036-68;C3
1806;BR-21GS-C3-038-2;C3
1807;BR-21GS-C3-035-27;C3
1808;BR-21GS-C3-035-36;C3
1809;BR-21GS-C3-035-47;C3
1810;BR-21GS-C3-036-9;C3
1811;BR-21GS-C3-036-22;C3
1812;BR-21GS-C3-036-32;C3
1813;BR-21GS-C3-036-41;C3
1814;BR-21GS-C3-036-50;C3
1815;BR-21GS-C3-036-58;C3
1816;BR-21GS-C3-036-69;C3
1817;BR-21GS-C3-038-3;C3
1818;BR-21GS-C3-041-2;C3
1819;BR-21GS-C3-044-5;C3
1820;BR-21GS-C3-048-2;C3
1821;BR-21GS-C3-050-9;C3
1822;BR-21GS-C3-050-18;C3
1823;BR-21GS-C3-050-26;C3
1824;BR-21GS-C3-050-35;C3
1825;BR-21GS-C3-051-2;C3
1826;BR-21GS-C3-052-5;C3
1827;BR-21GS-C3-054-1;C3
1828;BR-21GS-C3-055-6;C3
1829;BR-21GS-C3-057-8;C3
1830;BR-21GS-C3-041-3;C3
1831;BR-21GS-C3-044-6;C3
1832;BR-21GS-C3-049-2;C3
1833;BR-21GS-C3-050-10;C3
1834;BR-21GS-C3-050-19;C3
1835;BR-21GS-C3-050-27;C3
1836;BR-21GS-C3-050-36;C3
1837;BR-21GS-C3-051-3;C3
1838;BR-21GS-C3-052-6;C3
1839;BR-21GS-C3-054-2;C3
1840;BR-21GS-C3-055-8;C3
1841;BR-21GS-C3-057-12;C3
1842;BR-21GS-C3-041-4;C3
1843;BR-21GS-C3-044-7;C3
1844;BR-21GS-C3-049-3;C3
1845;BR-21GS-C3-050-11;C3
1846;BR-21GS-C3-050-20;C3
1847;BR-21GS-C3-050-28;C3
1848;BR-21GS-C3-050-39;C3
1849;BR-21GS-C3-051-4;C3
1850;BR-21GS-C3-052-7;C3
1851;BR-21GS-C3-054-3;C3
1852;BR-21GS-C3-055-9;C3
1853;BR-21GS-C3-057-14;C3
1854;BR-21GS-C3-042-1;C3
1855;BR-21GS-C3-044-8;C3
1856;BR-21GS-C3-050-1;C3
1857;BR-21GS-C3-050-12;C3
1858;BR-21GS-C3-050-21;C3
1859;BR-21GS-C3-050-29;C3
1860;BR-21GS-C3-050-40;C3
1861;BR-21GS-C3-051-5;C3
1862;BR-21GS-C3-052-8;C3
1863;BR-21GS-C3-055-1;C3
1864;BR-21GS-C3-055-10;C3
1865;BR-21GS-C3-057-19;C3
1866;BR-21GS-C3-042-2;C3
1867;BR-21GS-C3-044-9;C3
1868;BR-21GS-C3-050-3;C3
1869;BR-21GS-C3-050-13;C3
1870;BR-21GS-C3-050-22;C3
1871;BR-21GS-C3-050-31;C3
1872;BR-21GS-C3-050-41;C3
1873;BR-21GS-C3-052-1;C3
1874;BR-21GS-C3-053-1;C3
1875;BR-21GS-C3-055-2;C3
1876;BR-21GS-C3-055-13;C3
1877;BR-21GS-C3-057-20;C3
1878;BR-21GS-C3-043-1;C3
1879;BR-21GS-C3-045-1;C3
1880;BR-21GS-C3-050-5;C3
1881;BR-21GS-C3-050-15;C3
1882;BR-21GS-C3-050-23;C3
1883;BR-21GS-C3-050-32;C3
1884;BR-21GS-C3-050-42;C3
1885;BR-21GS-C3-052-2;C3
1886;BR-21GS-C3-053-2;C3
1887;BR-21GS-C3-055-3;C3
1888;BR-21GS-C3-056-2;C3
1889;BR-21GS-C3-057-21;C3
1890;BR-21GS-C3-044-3;C3
1891;BR-21GS-C3-045-2;C3
1892;BR-21GS-C3-050-7;C3
1893;BR-21GS-C3-050-16;C3
1894;BR-21GS-C3-050-24;C3
1895;BR-21GS-C3-050-33;C3
1896;BR-21GS-C3-050-43;C3
1897;BR-21GS-C3-052-3;C3
1898;BR-21GS-C3-053-3;C3
1899;BR-21GS-C3-055-4;C3
1900;BR-21GS-C3-057-4;C3
1901;BR-21GS-C3-044-4;C3
1902;BR-21GS-C3-046-1;C3
1903;BR-21GS-C3-050-8;C3
1904;BR-21GS-C3-050-17;C3
1905;BR-21GS-C3-050-25;C3
1906;BR-21GS-C3-050-34;C3
1907;BR-21GS-C3-052-4;C3
1908;BR-21GS-C3-053-4;C3
1909;BR-21GS-C3-055-5;C3
1910;BR-21GS-C3-057-5;C3
1911;BR-21GS-C3-057-22;C3
1912;BR-21GS-C3-058-4;C3
1913;BR-21GS-C3-059-7;C3
1914;BR-21GS-C3-059-18;C3
1915;BR-21GS-C3-059-26;C3
1916;BR-21GS-C3-059-35;C3
1917;BR-21GS-C3-059-44;C3
1918;BR-21GS-C3-059-53;C3
1919;BR-21GS-C3-059-63;C3
1920;BR-21GS-C3-059-71;C3
1921;BR-21GS-C3-059-79;C3
1922;BR-21GS-C3-059-93;C3
1923;BR-21GS-C3-057-24;C3
1924;BR-21GS-C3-058-5;C3
1925;BR-21GS-C3-059-8;C3
1926;BR-21GS-C3-059-19;C3
1927;BR-21GS-C3-059-27;C3
1928;BR-21GS-C3-059-37;C3
1929;BR-21GS-C3-059-45;C3
1930;BR-21GS-C3-059-55;C3
1931;BR-21GS-C3-059-64;C3
1932;BR-21GS-C3-059-72;C3
1933;BR-21GS-C3-059-83;C3
1934;BR-21GS-C3-059-95;C3
1935;BR-21GS-C3-057-25;C3
1936;BR-21GS-C3-058-7;C3
1937;BR-21GS-C3-059-9;C3
1938;BR-21GS-C3-059-20;C3
1939;BR-21GS-C3-059-28;C3
1940;BR-21GS-C3-059-38;C3
1941;BR-21GS-C3-059-46;C3
1942;BR-21GS-C3-059-56;C3
1943;BR-21GS-C3-059-65;C3
1944;BR-21GS-C3-059-73;C3
1945;BR-21GS-C3-059-84;C3
1946;BR-21GS-C3-059-96;C3
1947;BR-21GS-C3-057-27;C3
1948;BR-21GS-C3-058-10;C3
1949;BR-21GS-C3-059-10;C3
1950;BR-21GS-C3-059-21;C3
1951;BR-21GS-C3-059-29;C3
1952;BR-21GS-C3-059-39;C3
1953;BR-21GS-C3-059-48;C3
1954;BR-21GS-C3-059-57;C3
1955;BR-21GS-C3-059-66;C3
1956;BR-21GS-C3-059-74;C3
1957;BR-21GS-C3-059-86;C3
1958;BR-21GS-C3-060-1;C3
1959;BR-21GS-C3-057-29;C3
1960;BR-21GS-C3-058-11;C3
1961;BR-21GS-C3-059-13;C3
1962;BR-21GS-C3-059-22;C3
1963;BR-21GS-C3-059-30;C3
1964;BR-21GS-C3-059-40;C3
1965;BR-21GS-C3-059-49;C3
1966;BR-21GS-C3-059-58;C3
1967;BR-21GS-C3-059-67;C3
1968;BR-21GS-C3-059-75;C3
1969;BR-21GS-C3-059-89;C3
1970;BR-21GS-C3-060-2;C3
1971;BR-21GS-C3-057-31;C3
1972;BR-21GS-C3-059-1;C3
1973;BR-21GS-C3-059-14;C3
1974;BR-21GS-C3-059-23;C3
1975;BR-21GS-C3-059-31;C3
1976;BR-21GS-C3-059-41;C3
1977;BR-21GS-C3-059-50;C3
1978;BR-21GS-C3-059-59;C3
1979;BR-21GS-C3-059-68;C3
1980;BR-21GS-C3-059-76;C3
1981;BR-21GS-C3-059-90;C3
1982;BR-21GS-C3-061-1;C3
1983;BR-21GS-C3-058-2;C3
1984;BR-21GS-C3-059-3;C3
1985;BR-21GS-C3-059-15;C3
1986;BR-21GS-C3-059-24;C3
1987;BR-21GS-C3-059-32;C3
1988;BR-21GS-C3-059-42;C3
1989;BR-21GS-C3-059-51;C3
1990;BR-21GS-C3-059-60;C3
1991;BR-21GS-C3-059-69;C3
1992;BR-21GS-C3-059-77;C3
1993;BR-21GS-C3-059-91;C3
1994;BR-21GS-C3-058-3;C3
1995;BR-21GS-C3-059-6;C3
1996;BR-21GS-C3-059-25;C3
1997;BR-21GS-C3-059-33;C3
1998;BR-21GS-C3-059-43;C3
1999;BR-21GS-C3-059-52;C3
2000;BR-21GS-C3-059-62;C3
2001;BR-21GS-C3-059-70;C3
2002;BR-21GS-C3-059-78;C3
2003;BR-21GS-C3-059-92;C3
2004;BR-21GS-C3-061-2;C3
2005;BR-21GS-C3-061-13;C3
2006;BR-21GS-C3-061-24;C3
2007;BR-21GS-C3-062-7;C3
2008;BR-21GS-C3-062-16;C3
2009;BR-21GS-C3-063-6;C3
2010;BR-21GS-C3-064-10;C3
2011;BR-21GS-C3-066-8;C3
2012;BR-21GS-C3-068-3;C3
2013;BR-21GS-C3-070-2;C3
2014;BR-21GS-C3-070-12;C3
2015;BR-21GS-C3-070-21;C3
2016;BR-21GS-C3-061-4;C3
2017;BR-21GS-C3-061-14;C3
2018;BR-21GS-C3-061-26;C3
2019;BR-21GS-C3-062-17;C3
2020;BR-21GS-C3-063-7;C3
2021;BR-21GS-C3-066-1;C3
2022;BR-21GS-C3-066-10;C3
2023;BR-21GS-C3-068-4;C3
2024;BR-21GS-C3-070-3;C3
2025;BR-21GS-C3-070-13;C3
2026;BR-21GS-C3-070-22;C3
2027;BR-21GS-C3-061-5;C3
2028;BR-21GS-C3-061-16;C3
2029;BR-21GS-C3-061-27;C3
2030;BR-21GS-C3-062-9;C3
2031;BR-21GS-C3-062-18;C3
2032;BR-21GS-C3-064-1;C3
2033;BR-21GS-C3-066-2;C3
2034;BR-21GS-C3-068-5;C3
2035;BR-21GS-C3-070-4;C3
2036;BR-21GS-C3-070-14;C3
2037;BR-21GS-C3-070-23;C3
2038;BR-21GS-C3-061-6;C3
2039;BR-21GS-C3-061-17;C3
2040;BR-21GS-C3-062-2;C3
2041;BR-21GS-C3-062-10;C3
2042;BR-21GS-C3-063-1;C3
2043;BR-21GS-C3-064-2;C3
2044;BR-21GS-C3-066-3;C3
2045;BR-21GS-C3-067-1;C3
2046;BR-21GS-C3-068-6;C3
2047;BR-21GS-C3-070-5;C3
2048;BR-21GS-C3-070-15;C3
2049;BR-21GS-C3-070-28;C3
2050;BR-21GS-C3-061-8;C3
2051;BR-21GS-C3-061-19;C3
2052;BR-21GS-C3-062-3;C3
2053;BR-21GS-C3-062-11;C3
2054;BR-21GS-C3-063-2;C3
2055;BR-21GS-C3-064-3;C3
2056;BR-21GS-C3-066-4;C3
2057;BR-21GS-C3-067-2;C3
2058;BR-21GS-C3-069-1;C3
2059;BR-21GS-C3-070-6;C3
2060;BR-21GS-C3-070-16;C3
2061;BR-21GS-C3-070-29;C3
2062;BR-21GS-C3-061-10;C3
2063;BR-21GS-C3-061-21;C3
2064;BR-21GS-C3-062-4;C3
2065;BR-21GS-C3-062-12;C3
2066;BR-21GS-C3-063-3;C3
2067;BR-21GS-C3-064-5;C3
2068;BR-21GS-C3-067-3;C3
2069;BR-21GS-C3-069-2;C3
2070;BR-21GS-C3-070-8;C3
2071;BR-21GS-C3-070-17;C3
2072;BR-21GS-C3-070-30;C3
2073;BR-21GS-C3-061-11;C3
2074;BR-21GS-C3-061-22;C3
2075;BR-21GS-C3-062-5;C3
2076;BR-21GS-C3-062-14;C3
2077;BR-21GS-C3-063-4;C3
2078;BR-21GS-C3-064-8;C3
2079;BR-21GS-C3-066-6;C3
2080;BR-21GS-C3-067-5;C3
2081;BR-21GS-C3-069-3;C3
2082;BR-21GS-C3-070-9;C3
2083;BR-21GS-C3-061-12;C3
2084;BR-21GS-C3-061-23;C3
2085;BR-21GS-C3-062-6;C3
2086;BR-21GS-C3-062-15;C3
2087;BR-21GS-C3-063-5;C3
2088;BR-21GS-C3-064-9;C3
2089;BR-21GS-C3-066-7;C3
2090;BR-21GS-C3-068-2;C3
2091;BR-21GS-C3-070-1;C3
2092;BR-21GS-C3-070-11;C3
2093;BR-21GS-C3-070-20;C3
2094;BR-21GS-C3-070-31;C3
2095;BR-21GS-C3-070-39;C3
2096;BR-21GS-C3-073-1;C3
2097;BR-21GS-C3-080-3;C3
2098;BR-21GS-C3-087-11;C3
2099;BR-21GS-C3-088-12;C3
2100;BR-21GS-C3-088-26;C3
2101;BR-21GS-C3-091-5;C3
2102;BR-21GS-C3-091-25;C3
2103;BR-21GS-C3-093-1;C3
2104;BR-21GS-C3-093-12;C3
2105;BR-21GS-C3-093-21;C3
2106;BR-21GS-C3-070-32;C3
2107;BR-21GS-C3-070-40;C3
2108;BR-21GS-C3-076-1;C3
2109;BR-21GS-C3-082-3;C3
2110;BR-21GS-C3-088-5;C3
2111;BR-21GS-C3-088-13;C3
2112;BR-21GS-C3-088-27;C3
2113;BR-21GS-C3-091-7;C3
2114;BR-21GS-C3-092-1;C3
2115;BR-21GS-C3-093-2;C3
2116;BR-21GS-C3-093-13;C3
2117;BR-21GS-C3-093-22;C3
2118;BR-21GS-C3-070-33;C3
2119;BR-21GS-C3-070-41;C3
2120;BR-21GS-C3-076-2;C3
2121;BR-21GS-C3-085-2;C3
2122;BR-21GS-C3-088-6;C3
2123;BR-21GS-C3-088-14;C3
2124;BR-21GS-C3-089-1;C3
2125;BR-21GS-C3-091-11;C3
2126;BR-21GS-C3-092-2;C3
2127;BR-21GS-C3-093-5;C3
2128;BR-21GS-C3-093-15;C3
2129;BR-21GS-C3-093-23;C3
2130;BR-21GS-C3-070-34;C3
2131;BR-21GS-C3-071-1;C3
2132;BR-21GS-C3-077-1;C3
2133;BR-21GS-C3-087-2;C3
2134;BR-21GS-C3-088-7;C3
2135;BR-21GS-C3-088-15;C3
2136;BR-21GS-C3-090-1;C3
2137;BR-21GS-C3-091-12;C3
2138;BR-21GS-C3-092-3;C3
2139;BR-21GS-C3-093-6;C3
2140;BR-21GS-C3-093-16;C3
2141;BR-21GS-C3-093-24;C3
2142;BR-21GS-C3-070-35;C3
2143;BR-21GS-C3-071-2;C3
2144;BR-21GS-C3-078-1;C3
2145;BR-21GS-C3-087-3;C3
2146;BR-21GS-C3-088-8;C3
2147;BR-21GS-C3-088-18;C3
2148;BR-21GS-C3-090-2;C3
2149;BR-21GS-C3-091-18;C3
2150;BR-21GS-C3-092-4;C3
2151;BR-21GS-C3-093-7;C3
2152;BR-21GS-C3-093-17;C3
2153;BR-21GS-C3-093-25;C3
2154;BR-21GS-C3-070-36;C3
2155;BR-21GS-C3-071-5;C3
2156;BR-21GS-C3-078-4;C3
2157;BR-21GS-C3-087-8;C3
2158;BR-21GS-C3-088-9;C3
2159;BR-21GS-C3-088-19;C3
2160;BR-21GS-C3-091-1;C3
2161;BR-21GS-C3-091-19;C3
2162;BR-21GS-C3-092-5;C3
2163;BR-21GS-C3-093-9;C3
2164;BR-21GS-C3-093-18;C3
2165;BR-21GS-C3-093-26;C3
2166;BR-21GS-C3-070-37;C3
2167;BR-21GS-C3-072-5;C3
2168;BR-21GS-C3-078-5;C3
2169;BR-21GS-C3-087-9;C3
2170;BR-21GS-C3-088-10;C3
2171;BR-21GS-C3-088-23;C3
2172;BR-21GS-C3-091-2;C3
2173;BR-21GS-C3-091-20;C3
2174;BR-21GS-C3-092-6;C3
2175;BR-21GS-C3-093-10;C3
2176;BR-21GS-C3-093-19;C3
2177;BR-21GS-C3-070-38;C3
2178;BR-21GS-C3-072-7;C3
2179;BR-21GS-C3-078-6;C3
2180;BR-21GS-C3-087-10;C3
2181;BR-21GS-C3-088-11;C3
2182;BR-21GS-C3-088-25;C3
2183;BR-21GS-C3-091-4;C3
2184;BR-21GS-C3-091-23;C3
2185;BR-21GS-C3-092-7;C3
2186;BR-21GS-C3-093-11;C3
2187;BR-21GS-C3-093-20;C3
2188;BR-21GS-C3-093-27;C3
2189;BR-21GS-C3-093-36;C3
2190;BR-21GS-C3-096-4;C3
2191;BR-21GS-C3-096-21;C3
2192;BR-21GS-C3-098-5;C3
2193;BR-21GS-C3-102-5;C3
2194;BR-21GS-C3-104-6;C3
2195;BR-21GS-C3-104-21;C3
2196;BR-21GS-C3-104-31;C3
2197;BR-21GS-C3-104-41;C3
2198;BR-21GS-C3-104-51;C3
2199;BR-21GS-C3-104-60;C3
2200;BR-21GS-C3-093-28;C3
2201;BR-21GS-C3-093-37;C3
2202;BR-21GS-C3-096-8;C3
2203;BR-21GS-C3-096-22;C3
2204;BR-21GS-C3-099-2;C3
2205;BR-21GS-C3-102-6;C3
2206;BR-21GS-C3-104-8;C3
2207;BR-21GS-C3-104-22;C3
2208;BR-21GS-C3-104-32;C3
2209;BR-21GS-C3-104-43;C3
2210;BR-21GS-C3-104-52;C3
2211;BR-21GS-C3-104-61;C3
2212;BR-21GS-C3-093-38;C3
2213;BR-21GS-C3-096-9;C3
2214;BR-21GS-C3-096-23;C3
2215;BR-21GS-C3-100-2;C3
2216;BR-21GS-C3-103-5;C3
2217;BR-21GS-C3-104-9;C3
2218;BR-21GS-C3-104-23;C3
2219;BR-21GS-C3-104-33;C3
2220;BR-21GS-C3-104-46;C3
2221;BR-21GS-C3-104-53;C3
2222;BR-21GS-C3-104-62;C3
2223;BR-21GS-C3-093-30;C3
2224;BR-21GS-C3-094-1;C3
2225;BR-21GS-C3-096-11;C3
2226;BR-21GS-C3-096-25;C3
2227;BR-21GS-C3-100-5;C3
2228;BR-21GS-C3-103-8;C3
2229;BR-21GS-C3-104-10;C3
2230;BR-21GS-C3-104-25;C3
2231;BR-21GS-C3-104-34;C3
2232;BR-21GS-C3-104-47;C3
2233;BR-21GS-C3-104-54;C3
2234;BR-21GS-C3-104-63;C3
2235;BR-21GS-C3-093-31;C3
2236;BR-21GS-C3-094-2;C3
2237;BR-21GS-C3-096-12;C3
2238;BR-21GS-C3-100-6;C3
2239;BR-21GS-C3-103-16;C3
2240;BR-21GS-C3-104-12;C3
2241;BR-21GS-C3-104-26;C3
2242;BR-21GS-C3-104-35;C3
2243;BR-21GS-C3-104-68;C3
2244;BR-21GS-C3-104-55;C3
2245;BR-21GS-C3-104-65;C3
2246;BR-21GS-C3-093-33;C3
2247;BR-21GS-C3-095-1;C3
2248;BR-21GS-C3-096-13;C3
2249;BR-21GS-C3-097-2;C3
2250;BR-21GS-C3-101-2;C3
2251;BR-21GS-C3-104-2;C3
2252;BR-21GS-C3-104-13;C3
2253;BR-21GS-C3-104-28;C3
2254;BR-21GS-C3-104-37;C3
2255;BR-21GS-C3-104-57;C3
2256;BR-21GS-C3-104-67;C3
2257;BR-21GS-C3-093-34;C3
2258;BR-21GS-C3-096-1;C3
2259;BR-21GS-C3-096-16;C3
2260;BR-21GS-C3-097-3;C3
2261;BR-21GS-C3-102-1;C3
2262;BR-21GS-C3-104-3;C3
2263;BR-21GS-C3-104-14;C3
2264;BR-21GS-C3-104-29;C3
2265;BR-21GS-C3-104-39;C3
2266;BR-21GS-C3-104-49;C3
2267;BR-21GS-C3-104-58;C3
2268;BR-21GS-C3-093-35;C3
2269;BR-21GS-C3-096-2;C3
2270;BR-21GS-C3-096-17;C3
2271;BR-21GS-C3-098-3;C3
2272;BR-21GS-C3-102-4;C3
2273;BR-21GS-C3-104-4;C3
2274;BR-21GS-C3-104-19;C3
2275;BR-21GS-C3-104-30;C3
2276;BR-21GS-C3-104-40;C3
2277;BR-21GS-C3-104-50;C3
2278;BR-21GS-C3-104-59;C3
2279;BR-21GS-C3-105-1;C3
2280;BR-21GS-C3-105-11;C3
2281;BR-21GS-C3-106-9;C3
2282;BR-21GS-C3-114-5;C3
2283;BR-21GS-C3-115-6;C3
2284;BR-21GS-C3-118-2;C3
2285;BR-21GS-C3-122-6;C3
2286;BR-21GS-C3-124-10;C3
2287;BR-21GS-C3-127-3;C3
2288;BR-21GS-C3-130-16;C3
2289;BR-21GS-C3-132-7;C3
2290;BR-21GS-C3-132-21;C3
2291;BR-21GS-C3-105-2;C3
2292;BR-21GS-C3-106-1;C3
2293;BR-21GS-C3-109-1;C3
2294;BR-21GS-C3-114-6;C3
2295;BR-21GS-C3-115-7;C3
2296;BR-21GS-C3-118-3;C3
2297;BR-21GS-C3-122-8;C3
2298;BR-21GS-C3-124-12;C3
2299;BR-21GS-C3-129-3;C3
2300;BR-21GS-C3-130-18;C3
2301;BR-21GS-C3-132-11;C3
2302;BR-21GS-C3-132-22;C3
2303;BR-21GS-C3-105-4;C3
2304;BR-21GS-C3-106-2;C3
2305;BR-21GS-C3-110-1;C3
2306;BR-21GS-C3-114-8;C3
2307;BR-21GS-C3-115-8;C3
2308;BR-21GS-C3-118-4;C3
2309;BR-21GS-C3-123-1;C3
2310;BR-21GS-C3-124-13;C3
2311;BR-21GS-C3-130-1;C3
2312;BR-21GS-C3-131-3;C3
2313;BR-21GS-C3-132-13;C3
2314;BR-21GS-C3-133-1;C3
2315;BR-21GS-C3-105-5;C3
2316;BR-21GS-C3-106-4;C3
2317;BR-21GS-C3-110-2;C3
2318;BR-21GS-C3-114-9;C3
2319;BR-21GS-C3-115-10;C3
2320;BR-21GS-C3-119-3;C3
2321;BR-21GS-C3-123-6;C3
2322;BR-21GS-C3-124-14;C3
2323;BR-21GS-C3-130-2;C3
2324;BR-21GS-C3-131-5;C3
2325;BR-21GS-C3-132-14;C3
2326;BR-21GS-C3-133-2;C3
2327;BR-21GS-C3-105-7;C3
2328;BR-21GS-C3-106-5;C3
2329;BR-21GS-C3-113-1;C3
2330;BR-21GS-C3-115-2;C3
2331;BR-21GS-C3-116-4;C3
2332;BR-21GS-C3-120-1;C3
2333;BR-21GS-C3-124-2;C3
2334;BR-21GS-C3-126-4;C3
2335;BR-21GS-C3-130-4;C3
2336;BR-21GS-C3-132-1;C3
2337;BR-21GS-C3-132-16;C3
2338;BR-21GS-C3-133-3;C3
2339;BR-21GS-C3-105-8;C3
2340;BR-21GS-C3-106-6;C3
2341;BR-21GS-C3-114-1;C3
2342;BR-21GS-C3-115-3;C3
2343;BR-21GS-C3-117-2;C3
2344;BR-21GS-C3-122-2;C3
2345;BR-21GS-C3-124-4;C3
2346;BR-21GS-C3-126-5;C3
2347;BR-21GS-C3-130-5;C3
2348;BR-21GS-C3-132-2;C3
2349;BR-21GS-C3-132-17;C3
2350;BR-21GS-C3-133-4;C3
2351;BR-21GS-C3-105-9;C3
2352;BR-21GS-C3-106-7;C3
2353;BR-21GS-C3-114-2;C3
2354;BR-21GS-C3-115-4;C3
2355;BR-21GS-C3-117-3;C3
2356;BR-21GS-C3-122-3;C3
2357;BR-21GS-C3-126-6;C3
2358;BR-21GS-C3-130-6;C3
2359;BR-21GS-C3-132-4;C3
2360;BR-21GS-C3-132-18;C3
2361;BR-21GS-C3-105-10;C3
2362;BR-21GS-C3-106-8;C3
2363;BR-21GS-C3-114-4;C3
2364;BR-21GS-C3-115-5;C3
2365;BR-21GS-C3-118-1;C3
2366;BR-21GS-C3-122-5;C3
2367;BR-21GS-C3-124-9;C3
2368;BR-21GS-C3-127-2;C3
2369;BR-21GS-C3-130-9;C3
2370;BR-21GS-C3-132-6;C3
2371;BR-21GS-C3-132-20;C3
2372;BR-21GS-C3-133-5;C3
2373;BR-21GS-C3-136-4;C3
2374;BR-21GS-C3-136-12;C3
2375;BR-21GS-C3-140-2;C3
2376;BR-21GS-C3-141-5;C3
2377;BR-21GS-C3-142-1;C3
2378;BR-21GS-C3-142-10;C3
2379;BR-21GS-C3-144-5;C3
2380;BR-21GS-C3-144-13;C3
2381;BR-21GS-C3-145-8;C3
2382;BR-21GS-C3-145-17;C3
2383;BR-21GS-C3-134-1;C3
2384;BR-21GS-C3-136-5;C3
2385;BR-21GS-C3-137-1;C3
2386;BR-21GS-C3-140-3;C3
2387;BR-21GS-C3-142-2;C3
2388;BR-21GS-C3-143-1;C3
2389;BR-21GS-C3-143-9;C3
2390;BR-21GS-C3-144-6;C3
2391;BR-21GS-C3-144-14;C3
2392;BR-21GS-C3-145-9;C3
2393;BR-21GS-C3-145-18;C3
2394;BR-21GS-C3-134-2;C3
2395;BR-21GS-C3-136-6;C3
2396;BR-21GS-C3-137-2;C3
2397;BR-21GS-C3-140-4;C3
2398;BR-21GS-C3-141-7;C3
2399;BR-21GS-C3-142-3;C3
2400;BR-21GS-C3-143-2;C3
2401;BR-21GS-C3-143-10;C3
2402;BR-21GS-C3-144-7;C3
2403;BR-21GS-C3-144-15;C3
2404;BR-21GS-C3-145-10;C3
2405;BR-21GS-C3-145-19;C3
2406;BR-21GS-C3-134-3;C3
2407;BR-21GS-C3-136-7;C3
2408;BR-21GS-C3-137-4;C3
2409;BR-21GS-C3-140-5;C3
2410;BR-21GS-C3-141-8;C3
2411;BR-21GS-C3-142-4;C3
2412;BR-21GS-C3-143-3;C3
2413;BR-21GS-C3-143-11;C3
2414;BR-21GS-C3-144-8;C3
2415;BR-21GS-C3-145-1;C3
2416;BR-21GS-C3-145-20;C3
2417;BR-21GS-C3-134-7;C3
2418;BR-21GS-C3-136-8;C3
2419;BR-21GS-C3-138-1;C3
2420;BR-21GS-C3-140-6;C3
2421;BR-21GS-C3-141-9;C3
2422;BR-21GS-C3-143-4;C3
2423;BR-21GS-C3-143-12;C3
2424;BR-21GS-C3-144-9;C3
2425;BR-21GS-C3-145-2;C3
2426;BR-21GS-C3-145-12;C3
2427;BR-21GS-C3-145-21;C3
2428;BR-21GS-C3-135-2;C3
2429;BR-21GS-C3-136-9;C3
2430;BR-21GS-C3-138-2;C3
2431;BR-21GS-C3-141-1;C3
2432;BR-21GS-C3-141-10;C3
2433;BR-21GS-C3-144-1;C3
2434;BR-21GS-C3-144-10;C3
2435;BR-21GS-C3-145-4;C3
2436;BR-21GS-C3-145-13;C3
2437;BR-21GS-C3-145-22;C3
2438;BR-21GS-C3-136-2;C3
2439;BR-21GS-C3-136-10;C3
2440;BR-21GS-C3-138-3;C3
2441;BR-21GS-C3-141-2;C3
2442;BR-21GS-C3-141-11;C3
2443;BR-21GS-C3-142-8;C3
2444;BR-21GS-C3-143-6;C3
2445;BR-21GS-C3-144-2;C3
2446;BR-21GS-C3-144-11;C3
2447;BR-21GS-C3-145-5;C3
2448;BR-21GS-C3-145-15;C3
2449;BR-21GS-C3-136-3;C3
2450;BR-21GS-C3-136-11;C3
2451;BR-21GS-C3-139-1;C3
2452;BR-21GS-C3-141-4;C3
2453;BR-21GS-C3-141-12;C3
2454;BR-21GS-C3-142-9;C3
2455;BR-21GS-C3-143-7;C3
2456;BR-21GS-C3-144-12;C3
2457;BR-21GS-C3-145-7;C3
2458;BR-21GS-C3-145-16;C3
2459;BR-21GS-C3-145-23;C3
2460;BR-21GS-C3-146-9;C3
2461;BR-21GS-C3-146-18;C3
2462;BR-21GS-C3-147-5;C3
2463;BR-21GS-C3-148-6;C3
2464;BR-21GS-C3-148-18;C3
2465;BR-21GS-C3-148-27;C3
2466;BR-21GS-C3-149-8;C3
2467;BR-21GS-C3-150-3;C3
2468;BR-21GS-C3-152-1;C3
2469;BR-21GS-C3-154-4;C3
2470;BR-21GS-C3-146-1;C3
2471;BR-21GS-C3-146-10;C3
2472;BR-21GS-C3-146-19;C3
2473;BR-21GS-C3-146-28;C3
2474;BR-21GS-C3-147-7;C3
2475;BR-21GS-C3-148-8;C3
2476;BR-21GS-C3-148-19;C3
2477;BR-21GS-C3-149-1;C3
2478;BR-21GS-C3-149-9;C3
2479;BR-21GS-C3-150-4;C3
2480;BR-21GS-C3-152-2;C3
2481;BR-21GS-C3-154-5;C3
2482;BR-21GS-C3-146-2;C3
2483;BR-21GS-C3-146-11;C3
2484;BR-21GS-C3-146-20;C3
2485;BR-21GS-C3-146-29;C3
2486;BR-21GS-C3-147-8;C3
2487;BR-21GS-C3-148-9;C3
2488;BR-21GS-C3-148-20;C3
2489;BR-21GS-C3-149-2;C3
2490;BR-21GS-C3-149-10;C3
2491;BR-21GS-C3-150-8;C3
2492;BR-21GS-C3-153-1;C3
2493;BR-21GS-C3-154-6;C3
2494;BR-21GS-C3-146-3;C3
2495;BR-21GS-C3-146-13;C3
2496;BR-21GS-C3-146-21;C3
2497;BR-21GS-C3-146-31;C3
2498;BR-21GS-C3-148-1;C3
2499;BR-21GS-C3-148-10;C3
2500;BR-21GS-C3-148-21;C3
2501;BR-21GS-C3-149-3;C3
2502;BR-21GS-C3-149-11;C3
2503;BR-21GS-C3-150-9;C3
2504;BR-21GS-C3-153-2;C3
2505;BR-21GS-C3-154-8;C3
2506;BR-21GS-C3-146-4;C3
2507;BR-21GS-C3-146-14;C3
2508;BR-21GS-C3-146-22;C3
2509;BR-21GS-C3-146-32;C3
2510;BR-21GS-C3-148-2;C3
2511;BR-21GS-C3-148-12;C3
2512;BR-21GS-C3-148-22;C3
2513;BR-21GS-C3-149-4;C3
2514;BR-21GS-C3-149-12;C3
2515;BR-21GS-C3-151-1;C3
2516;BR-21GS-C3-153-3;C3
2517;BR-21GS-C3-154-9;C3
2518;BR-21GS-C3-146-6;C3
2519;BR-21GS-C3-146-15;C3
2520;BR-21GS-C3-146-23;C3
2521;BR-21GS-C3-147-1;C3
2522;BR-21GS-C3-148-3;C3
2523;BR-21GS-C3-148-13;C3
2524;BR-21GS-C3-148-23;C3
2525;BR-21GS-C3-149-5;C3
2526;BR-21GS-C3-149-14;C3
2527;BR-21GS-C3-151-3;C3
2528;BR-21GS-C3-154-1;C3
2529;BR-21GS-C3-154-10;C3
2530;BR-21GS-C3-146-7;C3
2531;BR-21GS-C3-146-16;C3
2532;BR-21GS-C3-146-24;C3
2533;BR-21GS-C3-147-3;C3
2534;BR-21GS-C3-148-4;C3
2535;BR-21GS-C3-148-14;C3
2536;BR-21GS-C3-148-25;C3
2537;BR-21GS-C3-149-6;C3
2538;BR-21GS-C3-150-1;C3
2539;BR-21GS-C3-151-6;C3
2540;BR-21GS-C3-154-2;C3
2541;BR-21GS-C3-146-8;C3
2542;BR-21GS-C3-146-17;C3
2543;BR-21GS-C3-146-25;C3
2544;BR-21GS-C3-147-4;C3
2545;BR-21GS-C3-148-5;C3
2546;BR-21GS-C3-148-16;C3
2547;BR-21GS-C3-148-26;C3
2548;BR-21GS-C3-149-7;C3
2549;BR-21GS-C3-150-2;C3
2550;BR-21GS-C3-151-7;C3
2551;BR-21GS-C3-154-3;C3
2552;BR-21GS-C3-154-13;C3
2553;BR-21GS-C3-154-25;C3
2554;BR-21GS-C3-155-10;C3
2555;BR-21GS-C3-155-25;C3
2556;BR-21GS-C3-157-6;C3
2557;BR-21GS-C3-158-2;C3
2558;BR-21GS-C3-159-2;C3
2559;BR-21GS-C3-159-12;C3
2560;BR-21GS-C3-160-2;C3
2561;BR-21GS-C3-160-22;C3
2562;BR-21GS-C3-160-30;C3
2563;BR-21GS-C3-160-40;C3
2564;BR-21GS-C3-154-16;C3
2565;BR-21GS-C3-154-26;C3
2566;BR-21GS-C3-155-11;C3
2567;BR-21GS-C3-155-26;C3
2568;BR-21GS-C3-157-9;C3
2569;BR-21GS-C3-158-3;C3
2570;BR-21GS-C3-159-3;C3
2571;BR-21GS-C3-159-13;C3
2572;BR-21GS-C3-160-4;C3
2573;BR-21GS-C3-160-23;C3
2574;BR-21GS-C3-160-33;C3
2575;BR-21GS-C3-161-1;C3
2576;BR-21GS-C3-154-17;C3
2577;BR-21GS-C3-155-1;C3
2578;BR-21GS-C3-155-12;C3
2579;BR-21GS-C3-156-3;C3
2580;BR-21GS-C3-157-11;C3
2581;BR-21GS-C3-158-4;C3
2582;BR-21GS-C3-159-5;C3
2583;BR-21GS-C3-159-14;C3
2584;BR-21GS-C3-160-9;C3
2585;BR-21GS-C3-160-24;C3
2586;BR-21GS-C3-160-34;C3
2587;BR-21GS-C3-161-2;C3
2588;BR-21GS-C3-154-19;C3
2589;BR-21GS-C3-155-2;C3
2590;BR-21GS-C3-155-16;C3
2591;BR-21GS-C3-157-1;C3
2592;BR-21GS-C3-157-13;C3
2593;BR-21GS-C3-158-5;C3
2594;BR-21GS-C3-159-6;C3
2595;BR-21GS-C3-159-15;C3
2596;BR-21GS-C3-160-13;C3
2597;BR-21GS-C3-160-25;C3
2598;BR-21GS-C3-160-35;C3
2599;BR-21GS-C3-161-3;C3
2600;BR-21GS-C3-154-21;C3
2601;BR-21GS-C3-155-3;C3
2602;BR-21GS-C3-155-20;C3
2603;BR-21GS-C3-157-2;C3
2604;BR-21GS-C3-157-14;C3
2605;BR-21GS-C3-158-7;C3
2606;BR-21GS-C3-159-7;C3
2607;BR-21GS-C3-159-16;C3
2608;BR-21GS-C3-160-17;C3
2609;BR-21GS-C3-160-26;C3
2610;BR-21GS-C3-160-36;C3
2611;BR-21GS-C3-161-4;C3
2612;BR-21GS-C3-154-22;C3
2613;BR-21GS-C3-155-5;C3
2614;BR-21GS-C3-155-21;C3
2615;BR-21GS-C3-157-3;C3
2616;BR-21GS-C3-157-15;C3
2617;BR-21GS-C3-158-8;C3
2618;BR-21GS-C3-159-9;C3
2619;BR-21GS-C3-159-17;C3
2620;BR-21GS-C3-160-19;C3
2621;BR-21GS-C3-160-27;C3
2622;BR-21GS-C3-160-37;C3
2623;BR-21GS-C3-161-5;C3
2624;BR-21GS-C3-154-23;C3
2625;BR-21GS-C3-155-6;C3
2626;BR-21GS-C3-155-22;C3
2627;BR-21GS-C3-157-4;C3
2628;BR-21GS-C3-157-16;C3
2629;BR-21GS-C3-158-10;C3
2630;BR-21GS-C3-159-10;C3
2631;BR-21GS-C3-159-18;C3
2632;BR-21GS-C3-160-20;C3
2633;BR-21GS-C3-160-28;C3
2634;BR-21GS-C3-160-38;C3
2635;BR-21GS-C3-154-24;C3
2636;BR-21GS-C3-155-9;C3
2637;BR-21GS-C3-155-24;C3
2638;BR-21GS-C3-157-5;C3
2639;BR-21GS-C3-157-17;C3
2640;BR-21GS-C3-159-1;C3
2641;BR-21GS-C3-159-11;C3
2642;BR-21GS-C3-159-20;C3
2643;BR-21GS-C3-160-21;C3
2644;BR-21GS-C3-160-29;C3
2645;BR-21GS-C3-160-39;C3
2646;BR-21GS-C3-161-7;C3
2647;BR-21GS-C3-162-9;C3
2648;BR-21GS-C3-162-18;C3
2649;BR-21GS-C3-165-1;C3
2650;BR-21GS-C3-166-10;C3
2651;BR-21GS-C3-166-23;C3
2652;BR-21GS-C3-167-17;C3
2653;BR-21GS-C3-168-12;C3
2654;BR-21GS-C3-169-18;C3
2655;BR-21GS-C3-170-1;C3
2656;BR-21GS-C3-170-15;C3
2657;BR-21GS-C3-173-9;C3
2658;BR-21GS-C3-161-8;C3
2659;BR-21GS-C3-162-10;C3
2660;BR-21GS-C3-163-1;C3
2661;BR-21GS-C3-166-1;C3
2662;BR-21GS-C3-166-11;C3
2663;BR-21GS-C3-166-25;C3
2664;BR-21GS-C3-167-18;C3
2665;BR-21GS-C3-168-13;C3
2666;BR-21GS-C3-169-20;C3
2667;BR-21GS-C3-170-3;C3
2668;BR-21GS-C3-171-1;C3
2669;BR-21GS-C3-174-12;C3
2670;BR-21GS-C3-162-1;C3
2671;BR-21GS-C3-162-12;C3
2672;BR-21GS-C3-163-2;C3
2673;BR-21GS-C3-166-3;C3
2674;BR-21GS-C3-166-12;C3
2675;BR-21GS-C3-166-26;C3
2676;BR-21GS-C3-167-25;C3
2677;BR-21GS-C3-168-17;C3
2678;BR-21GS-C3-169-21;C3
2679;BR-21GS-C3-170-4;C3
2680;BR-21GS-C3-171-5;C3
2681;BR-21GS-C3-174-15;C3
2682;BR-21GS-C3-162-2;C3
2683;BR-21GS-C3-162-13;C3
2684;BR-21GS-C3-163-3;C3
2685;BR-21GS-C3-166-4;C3
2686;BR-21GS-C3-166-13;C3
2687;BR-21GS-C3-166-27;C3
2688;BR-21GS-C3-167-26;C3
2689;BR-21GS-C3-168-19;C3
2690;BR-21GS-C3-169-23;C3
2691;BR-21GS-C3-170-5;C3
2692;BR-21GS-C3-172-1;C3
2693;BR-21GS-C3-175-2;C3
2694;BR-21GS-C3-162-5;C3
2695;BR-21GS-C3-162-14;C3
2696;BR-21GS-C3-163-5;C3
2697;BR-21GS-C3-166-5;C3
2698;BR-21GS-C3-166-16;C3
2699;BR-21GS-C3-167-4;C3
2700;BR-21GS-C3-167-27;C3
2701;BR-21GS-C3-169-2;C3
2702;BR-21GS-C3-169-24;C3
2703;BR-21GS-C3-170-6;C3
2704;BR-21GS-C3-172-7;C3
2705;BR-21GS-C3-175-3;C3
2706;BR-21GS-C3-162-6;C3
2707;BR-21GS-C3-162-15;C3
2708;BR-21GS-C3-163-6;C3
2709;BR-21GS-C3-166-6;C3
2710;BR-21GS-C3-166-20;C3
2711;BR-21GS-C3-167-12;C3
2712;BR-21GS-C3-168-2;C3
2713;BR-21GS-C3-169-4;C3
2714;BR-21GS-C3-169-26;C3
2715;BR-21GS-C3-170-8;C3
2716;BR-21GS-C3-173-1;C3
2717;BR-21GS-C3-175-4;C3
2718;BR-21GS-C3-162-7;C3
2719;BR-21GS-C3-162-16;C3
2720;BR-21GS-C3-163-7;C3
2721;BR-21GS-C3-166-7;C3
2722;BR-21GS-C3-166-21;C3
2723;BR-21GS-C3-167-13;C3
2724;BR-21GS-C3-168-3;C3
2725;BR-21GS-C3-169-6;C3
2726;BR-21GS-C3-169-28;C3
2727;BR-21GS-C3-170-10;C3
2728;BR-21GS-C3-173-4;C3
2729;BR-21GS-C3-162-8;C3
2730;BR-21GS-C3-162-17;C3
2731;BR-21GS-C3-164-4;C3
2732;BR-21GS-C3-166-9;C3
2733;BR-21GS-C3-166-22;C3
2734;BR-21GS-C3-167-14;C3
2735;BR-21GS-C3-168-9;C3
2736;BR-21GS-C3-169-17;C3
2737;BR-21GS-C3-169-29;C3
2738;BR-21GS-C3-170-12;C3
2739;BR-21GS-C3-173-6;C3
2740;BR-21GS-C3-175-5;C3
2741;BR-21GS-C3-175-20;C3
2742;BR-21GS-C3-175-36;C3
2743;BR-21GS-C3-175-47;C3
2744;BR-21GS-C3-175-58;C3
2745;BR-21GS-C3-175-66;C3
2746;BR-21GS-C3-175-75;C3
2747;BR-21GS-C3-175-83;C3
2748;BR-21GS-C3-177-4;C3
2749;BR-21GS-C3-187-2;C3
2750;BR-21GS-C3-187-10;C3
2751;BR-21GS-C3-187-19;C3
2752;BR-21GS-C3-175-6;C3
2753;BR-21GS-C3-175-22;C3
2754;BR-21GS-C3-175-38;C3
2755;BR-21GS-C3-175-48;C3
2756;BR-21GS-C3-175-59;C3
2757;BR-21GS-C3-175-67;C3
2758;BR-21GS-C3-175-76;C3
2759;BR-21GS-C3-175-87;C3
2760;BR-21GS-C3-177-5;C3
2761;BR-21GS-C3-187-3;C3
2762;BR-21GS-C3-187-11;C3
2763;BR-21GS-C3-187-20;C3
2764;BR-21GS-C3-175-7;C3
2765;BR-21GS-C3-175-23;C3
2766;BR-21GS-C3-175-39;C3
2767;BR-21GS-C3-175-51;C3
2768;BR-21GS-C3-175-60;C3
2769;BR-21GS-C3-175-68;C3
2770;BR-21GS-C3-175-77;C3
2771;BR-21GS-C3-175-88;C3
2772;BR-21GS-C3-180-1;C3
2773;BR-21GS-C3-187-4;C3
2774;BR-21GS-C3-187-13;C3
2775;BR-21GS-C3-187-21;C3
2776;BR-21GS-C3-175-9;C3
2777;BR-21GS-C3-175-24;C3
2778;BR-21GS-C3-175-41;C3
2779;BR-21GS-C3-175-52;C3
2780;BR-21GS-C3-175-61;C3
2781;BR-21GS-C3-175-69;C3
2782;BR-21GS-C3-175-78;C3
2783;BR-21GS-C3-176-1;C3
2784;BR-21GS-C3-180-2;C3
2785;BR-21GS-C3-187-5;C3
2786;BR-21GS-C3-187-14;C3
2787;BR-21GS-C3-187-22;C3
2788;BR-21GS-C3-175-10;C3
2789;BR-21GS-C3-175-27;C3
2790;BR-21GS-C3-175-42;C3
2791;BR-21GS-C3-175-54;C3
2792;BR-21GS-C3-175-62;C3
2793;BR-21GS-C3-175-70;C3
2794;BR-21GS-C3-175-79;C3
2795;BR-21GS-C3-176-3;C3
2796;BR-21GS-C3-183-1;C3
2797;BR-21GS-C3-187-6;C3
2798;BR-21GS-C3-187-15;C3
2799;BR-21GS-C3-187-23;C3
2800;BR-21GS-C3-175-11;C3
2801;BR-21GS-C3-175-28;C3
2802;BR-21GS-C3-175-44;C3
2803;BR-21GS-C3-175-55;C3
2804;BR-21GS-C3-175-63;C3
2805;BR-21GS-C3-175-71;C3
2806;BR-21GS-C3-175-80;C3
2807;BR-21GS-C3-176-4;C3
2808;BR-21GS-C3-186-1;C3
2809;BR-21GS-C3-187-7;C3
2810;BR-21GS-C3-187-16;C3
2811;BR-21GS-C3-187-24;C3
2812;BR-21GS-C3-175-12;C3
2813;BR-21GS-C3-175-30;C3
2814;BR-21GS-C3-175-45;C3
2815;BR-21GS-C3-175-56;C3
2816;BR-21GS-C3-175-64;C3
2817;BR-21GS-C3-175-73;C3
2818;BR-21GS-C3-175-81;C3
2819;BR-21GS-C3-177-1;C3
2820;BR-21GS-C3-186-2;C3
2821;BR-21GS-C3-187-8;C3
2822;BR-21GS-C3-187-17;C3
2823;BR-21GS-C3-175-18;C3
2824;BR-21GS-C3-175-31;C3
2825;BR-21GS-C3-175-46;C3
2826;BR-21GS-C3-175-57;C3
2827;BR-21GS-C3-175-65;C3
2828;BR-21GS-C3-175-74;C3
2829;BR-21GS-C3-175-82;C3
2830;BR-21GS-C3-177-3;C3
2831;BR-21GS-C3-187-1;C3
2832;BR-21GS-C3-187-9;C3
2833;BR-21GS-C3-187-18;C3
2834;BR-21GS-C3-187-25;C3
2835;BR-21GS-C3-190-2;C3
2836;BR-21GS-C3-198-1;C3
2837;BR-21GS-C3-199-3;C3
2838;BR-21GS-C3-201-4;C3
2839;BR-21GS-C3-205-3;C3
2840;BR-21GS-C3-206-8;C3
2841;BR-21GS-C3-207-9;C3
2842;BR-21GS-C3-207-20;C3
2843;BR-21GS-C3-207-32;C3
2844;BR-21GS-C3-208-6;C3
2845;BR-21GS-C3-210-9;C3
2846;BR-21GS-C3-187-26;C3
2847;BR-21GS-C3-191-1;C3
2848;BR-21GS-C3-198-2;C3
2849;BR-21GS-C3-199-4;C3
2850;BR-21GS-C3-202-1;C3
2851;BR-21GS-C3-207-2;C3
2852;BR-21GS-C3-207-11;C3
2853;BR-21GS-C3-207-21;C3
2854;BR-21GS-C3-207-33;C3
2855;BR-21GS-C3-208-7;C3
2856;BR-21GS-C3-210-10;C3
2857;BR-21GS-C3-187-27;C3
2858;BR-21GS-C3-191-2;C3
2859;BR-21GS-C3-198-3;C3
2860;BR-21GS-C3-199-5;C3
2861;BR-21GS-C3-202-2;C3
2862;BR-21GS-C3-205-5;C3
2863;BR-21GS-C3-207-3;C3
2864;BR-21GS-C3-207-13;C3
2865;BR-21GS-C3-207-23;C3
2866;BR-21GS-C3-207-34;C3
2867;BR-21GS-C3-208-8;C3
2868;BR-21GS-C3-210-11;C3
2869;BR-21GS-C3-188-1;C3
2870;BR-21GS-C3-193-1;C3
2871;BR-21GS-C3-198-4;C3
2872;BR-21GS-C3-199-7;C3
2873;BR-21GS-C3-204-1;C3
2874;BR-21GS-C3-206-1;C3
2875;BR-21GS-C3-207-4;C3
2876;BR-21GS-C3-207-14;C3
2877;BR-21GS-C3-207-25;C3
2878;BR-21GS-C3-208-1;C3
2879;BR-21GS-C3-210-1;C3
2880;BR-21GS-C3-210-12;C3
2881;BR-21GS-C3-188-2;C3
2882;BR-21GS-C3-195-1;C3
2883;BR-21GS-C3-198-5;C3
2884;BR-21GS-C3-200-1;C3
2885;BR-21GS-C3-204-2;C3
2886;BR-21GS-C3-206-2;C3
2887;BR-21GS-C3-207-5;C3
2888;BR-21GS-C3-207-15;C3
2889;BR-21GS-C3-207-27;C3
2890;BR-21GS-C3-208-2;C3
2891;BR-21GS-C3-210-2;C3
2892;BR-21GS-C3-210-13;C3
2893;BR-21GS-C3-188-3;C3
2894;BR-21GS-C3-195-2;C3
2895;BR-21GS-C3-198-7;C3
2896;BR-21GS-C3-200-2;C3
2897;BR-21GS-C3-206-3;C3
2898;BR-21GS-C3-207-6;C3
2899;BR-21GS-C3-207-16;C3
2900;BR-21GS-C3-207-28;C3
2901;BR-21GS-C3-208-3;C3
2902;BR-21GS-C3-210-4;C3
2903;BR-21GS-C3-211-1;C3
2904;BR-21GS-C3-189-1;C3
2905;BR-21GS-C3-195-3;C3
2906;BR-21GS-C3-199-1;C3
2907;BR-21GS-C3-200-3;C3
2908;BR-21GS-C3-205-1;C3
2909;BR-21GS-C3-206-5;C3
2910;BR-21GS-C3-207-7;C3
2911;BR-21GS-C3-207-17;C3
2912;BR-21GS-C3-207-29;C3
2913;BR-21GS-C3-208-4;C3
2914;BR-21GS-C3-210-5;C3
2915;BR-21GS-C3-190-1;C3
2916;BR-21GS-C3-195-4;C3
2917;BR-21GS-C3-199-2;C3
2918;BR-21GS-C3-201-1;C3
2919;BR-21GS-C3-205-2;C3
2920;BR-21GS-C3-206-6;C3
2921;BR-21GS-C3-207-8;C3
2922;BR-21GS-C3-207-19;C3
2923;BR-21GS-C3-207-30;C3
2924;BR-21GS-C3-208-5;C3
2925;BR-21GS-C3-210-6;C3
2926;BR-21GS-C3-211-2;C3
2927;BR-21GS-C3-213-18;C3
2928;BR-21GS-C3-214-7;C3
2929;BR-21GS-C3-216-13;C3
2930;BR-21GS-C3-217-9;C3
2931;BR-21GS-C3-220-1;C3
2932;BR-21GS-C3-221-8;C3
2933;BR-21GS-C3-227-3;C3
2934;BR-21GS-C3-228-13;C3
2935;BR-21GS-C3-230-3;C3
2936;BR-21GS-C3-231-7;C3
2937;BR-21GS-C3-232-16;C3
2938;BR-21GS-C3-211-5;C3
2939;BR-21GS-C3-213-21;C3
2940;BR-21GS-C3-215-1;C3
2941;BR-21GS-C3-216-14;C3
2942;BR-21GS-C3-217-10;C3
2943;BR-21GS-C3-221-15;C3
2944;BR-21GS-C3-227-5;C3
2945;BR-21GS-C3-228-14;C3
2946;BR-21GS-C3-230-9;C3
2947;BR-21GS-C3-231-8;C3
2948;BR-21GS-C3-232-18;C3
2949;BR-21GS-C3-211-9;C3
2950;BR-21GS-C3-213-23;C3
2951;BR-21GS-C3-216-2;C3
2952;BR-21GS-C3-216-18;C3
2953;BR-21GS-C3-218-1;C3
2954;BR-21GS-C3-220-5;C3
2955;BR-21GS-C3-222-2;C3
2956;BR-21GS-C3-228-1;C3
2957;BR-21GS-C3-228-16;C3
2958;BR-21GS-C3-230-11;C3
2959;BR-21GS-C3-232-3;C3
2960;BR-21GS-C3-232-19;C3
2961;BR-21GS-C3-212-1;C3
2962;BR-21GS-C3-214-1;C3
2963;BR-21GS-C3-216-3;C3
2964;BR-21GS-C3-216-19;C3
2965;BR-21GS-C3-219-1;C3
2966;BR-21GS-C3-221-1;C3
2967;BR-21GS-C3-222-7;C3
2968;BR-21GS-C3-228-3;C3
2969;BR-21GS-C3-228-17;C3
2970;BR-21GS-C3-232-20;C3
2971;BR-21GS-C3-213-2;C3
2972;BR-21GS-C3-214-2;C3
2973;BR-21GS-C3-216-4;C3
2974;BR-21GS-C3-219-3;C3
2975;BR-21GS-C3-221-2;C3
2976;BR-21GS-C3-226-1;C3
2977;BR-21GS-C3-228-4;C3
2978;BR-21GS-C3-229-1;C3
2979;BR-21GS-C3-231-2;C3
2980;BR-21GS-C3-232-12;C3
2981;BR-21GS-C3-232-21;C3
2982;BR-21GS-C3-213-3;C3
2983;BR-21GS-C3-214-3;C3
2984;BR-21GS-C3-216-6;C3
2985;BR-21GS-C3-217-6;C3
2986;BR-21GS-C3-219-5;C3
2987;BR-21GS-C3-221-4;C3
2988;BR-21GS-C3-226-4;C3
2989;BR-21GS-C3-228-6;C3
2990;BR-21GS-C3-229-2;C3
2991;BR-21GS-C3-231-3;C3
2992;BR-21GS-C3-232-13;C3
2993;BR-21GS-C3-232-22;C3
2994;BR-21GS-C3-213-12;C3
2995;BR-21GS-C3-214-5;C3
2996;BR-21GS-C3-216-7;C3
2997;BR-21GS-C3-217-7;C3
2998;BR-21GS-C3-219-6;C3
2999;BR-21GS-C3-221-5;C3
3000;BR-21GS-C3-227-1;C3
3001;BR-21GS-C3-228-8;C3
3002;BR-21GS-C3-229-8;C3
3003;BR-21GS-C3-231-4;C3
3004;BR-21GS-C3-232-14;C3
3005;BR-21GS-C3-213-14;C3
3006;BR-21GS-C3-214-6;C3
3007;BR-21GS-C3-216-9;C3
3008;BR-21GS-C3-217-8;C3
3009;BR-21GS-C3-219-7;C3
3010;BR-21GS-C3-221-6;C3
3011;BR-21GS-C3-227-2;C3
3012;BR-21GS-C3-228-12;C3
3013;BR-21GS-C3-229-9;C3
3014;BR-21GS-C3-231-5;C3
3015;BR-21GS-C3-232-15;C3
3016;BR-21GS-C3-232-23;C3
3017;BR-21GS-C3-233-5;C3
3018;BR-21GS-C3-234-4;C3
3019;BR-21GS-C3-238-5;C3
3020;BR-21GS-C3-241-7;C3
3021;BR-21GS-C3-241-20;C3
3022;BR-21GS-C3-244-2;C3
3023;BR-21GS-C3-244-11;C3
3024;BR-21GS-C3-247-3;C3
3025;BR-21GS-C3-250-5;C3
3026;BR-21GS-C3-251-10;C3
3027;BR-21GS-C3-253-7;C3
3028;BR-21GS-C3-232-24;C3
3029;BR-21GS-C3-233-6;C3
3030;BR-21GS-C3-236-2;C3
3031;BR-21GS-C3-239-1;C3
3032;BR-21GS-C3-241-9;C3
3033;BR-21GS-C3-241-21;C3
3034;BR-21GS-C3-244-3;C3
3035;BR-21GS-C3-244-13;C3
3036;BR-21GS-C3-247-4;C3
3037;BR-21GS-C3-250-7;C3
3038;BR-21GS-C3-252-1;C3
3039;BR-21GS-C3-253-8;C3
3040;BR-21GS-C3-232-26;C3
3041;BR-21GS-C3-233-9;C3
3042;BR-21GS-C3-236-3;C3
3043;BR-21GS-C3-239-2;C3
3044;BR-21GS-C3-241-10;C3
3045;BR-21GS-C3-242-1;C3
3046;BR-21GS-C3-244-4;C3
3047;BR-21GS-C3-244-16;C3
3048;BR-21GS-C3-247-5;C3
3049;BR-21GS-C3-250-8;C3
3050;BR-21GS-C3-252-2;C3
3051;BR-21GS-C3-253-9;C3
3052;BR-21GS-C3-232-27;C3
3053;BR-21GS-C3-233-10;C3
3054;BR-21GS-C3-237-1;C3
3055;BR-21GS-C3-239-3;C3
3056;BR-21GS-C3-241-11;C3
3057;BR-21GS-C3-242-2;C3
3058;BR-21GS-C3-244-5;C3
3059;BR-21GS-C3-245-1;C3
3060;BR-21GS-C3-248-1;C3
3061;BR-21GS-C3-250-9;C3
3062;BR-21GS-C3-252-3;C3
3063;BR-21GS-C3-253-12;C3
3064;BR-21GS-C3-233-1;C3
3065;BR-21GS-C3-233-11;C3
3066;BR-21GS-C3-238-1;C3
3067;BR-21GS-C3-241-1;C3
3068;BR-21GS-C3-241-12;C3
3069;BR-21GS-C3-243-1;C3
3070;BR-21GS-C3-244-6;C3
3071;BR-21GS-C3-245-2;C3
3072;BR-21GS-C3-248-2;C3
3073;BR-21GS-C3-251-3;C3
3074;BR-21GS-C3-252-5;C3
3075;BR-21GS-C3-253-13;C3
3076;BR-21GS-C3-233-2;C3
3077;BR-21GS-C3-233-12;C3
3078;BR-21GS-C3-238-2;C3
3079;BR-21GS-C3-241-2;C3
3080;BR-21GS-C3-241-17;C3
3081;BR-21GS-C3-243-2;C3
3082;BR-21GS-C3-244-7;C3
3083;BR-21GS-C3-246-1;C3
3084;BR-21GS-C3-249-2;C3
3085;BR-21GS-C3-251-5;C3
3086;BR-21GS-C3-253-4;C3
3087;BR-21GS-C3-253-14;C3
3088;BR-21GS-C3-233-3;C3
3089;BR-21GS-C3-238-3;C3
3090;BR-21GS-C3-241-3;C3
3091;BR-21GS-C3-241-18;C3
3092;BR-21GS-C3-243-3;C3
3093;BR-21GS-C3-244-9;C3
3094;BR-21GS-C3-247-1;C3
3095;BR-21GS-C3-250-1;C3
3096;BR-21GS-C3-251-7;C3
3097;BR-21GS-C3-253-5;C3
3098;BR-21GS-C3-233-4;C3
3099;BR-21GS-C3-234-2;C3
3100;BR-21GS-C3-238-4;C3
3101;BR-21GS-C3-241-5;C3
3102;BR-21GS-C3-241-19;C3
3103;BR-21GS-C3-244-1;C3
3104;BR-21GS-C3-244-10;C3
3105;BR-21GS-C3-247-2;C3
3106;BR-21GS-C3-250-3;C3
3107;BR-21GS-C3-251-8;C3
3108;BR-21GS-C3-253-6;C3
3109;BR-21GS-C3-253-15;C3
3110;BR-21GS-C3-253-29;C3
3111;BR-21GS-C3-253-40;C3
3112;BR-21GS-C3-253-52;C3
3113;BR-21GS-C3-254-3;C3
3114;BR-21GS-C3-255-2;C3
3115;BR-21GS-C3-255-13;C3
3116;BR-21GS-C3-255-25;C3
3117;BR-21GS-C3-255-52;C3
3118;BR-21GS-C3-257-3;C3
3119;BR-21GS-C3-253-16;C3
3120;BR-21GS-C3-253-31;C3
3121;BR-21GS-C3-253-41;C3
3122;BR-21GS-C3-253-53;C3
3123;BR-21GS-C3-253-62;C3
3124;BR-21GS-C3-254-4;C3
3125;BR-21GS-C3-255-5;C3
3126;BR-21GS-C3-255-17;C3
3127;BR-21GS-C3-255-26;C3
3128;BR-21GS-C3-255-40;C3
3129;BR-21GS-C3-255-53;C3
3130;BR-21GS-C3-257-4;C3
3131;BR-21GS-C3-253-19;C3
3132;BR-21GS-C3-253-32;C3
3133;BR-21GS-C3-253-42;C3
3134;BR-21GS-C3-253-54;C3
3135;BR-21GS-C3-253-63;C3
3136;BR-21GS-C3-254-5;C3
3137;BR-21GS-C3-255-7;C3
3138;BR-21GS-C3-255-19;C3
3139;BR-21GS-C3-255-41;C3
3140;BR-21GS-C3-255-54;C3
3141;BR-21GS-C3-257-5;C3
3142;BR-21GS-C3-253-21;C3
3143;BR-21GS-C3-253-34;C3
3144;BR-21GS-C3-253-43;C3
3145;BR-21GS-C3-253-55;C3
3146;BR-21GS-C3-253-64;C3
3147;BR-21GS-C3-254-7;C3
3148;BR-21GS-C3-255-8;C3
3149;BR-21GS-C3-255-20;C3
3150;BR-21GS-C3-255-28;C3
3151;BR-21GS-C3-255-42;C3
3152;BR-21GS-C3-255-55;C3
3153;BR-21GS-C3-257-7;C3
3154;BR-21GS-C3-253-22;C3
3155;BR-21GS-C3-253-35;C3
3156;BR-21GS-C3-253-44;C3
3157;BR-21GS-C3-253-56;C3
3158;BR-21GS-C3-253-65;C3
3159;BR-21GS-C3-254-9;C3
3160;BR-21GS-C3-255-9;C3
3161;BR-21GS-C3-255-21;C3
3162;BR-21GS-C3-255-29;C3
3163;BR-21GS-C3-255-43;C3
3164;BR-21GS-C3-255-56;C3
3165;BR-21GS-C3-257-10;C3
3166;BR-21GS-C3-253-23;C3
3167;BR-21GS-C3-253-36;C3
3168;BR-21GS-C3-253-49;C3
3169;BR-21GS-C3-253-66;C3
3170;BR-21GS-C3-254-11;C3
3171;BR-21GS-C3-255-10;C3
3172;BR-21GS-C3-255-22;C3
3173;BR-21GS-C3-255-30;C3
3174;BR-21GS-C3-255-44;C3
3175;BR-21GS-C3-256-1;C3
3176;BR-21GS-C3-257-11;C3
3177;BR-21GS-C3-253-24;C3
3178;BR-21GS-C3-253-38;C3
3179;BR-21GS-C3-253-50;C3
3180;BR-21GS-C3-253-58;C3
3181;BR-21GS-C3-253-67;C3
3182;BR-21GS-C3-254-15;C3
3183;BR-21GS-C3-255-11;C3
3184;BR-21GS-C3-255-23;C3
3185;BR-21GS-C3-255-34;C3
3186;BR-21GS-C3-255-50;C3
3187;BR-21GS-C3-256-3;C3
3188;BR-21GS-C3-253-28;C3
3189;BR-21GS-C3-253-39;C3
3190;BR-21GS-C3-253-51;C3
3191;BR-21GS-C3-253-59;C3
3192;BR-21GS-C3-254-1;C3
3193;BR-21GS-C3-255-1;C3
3194;BR-21GS-C3-255-12;C3
3195;BR-21GS-C3-255-24;C3
3196;BR-21GS-C3-255-35;C3
3197;BR-21GS-C3-255-51;C3
3198;BR-21GS-C3-256-4;C3
3199;BR-21GS-C3-263-3;C3
3200;BR-21GS-C3-266-2;C3
3201;BR-21GS-C3-267-2;C3
3202;BR-21GS-C3-270-1;C3
3203;BR-21GS-C3-271-6;C3
3204;BR-21GS-C3-271-31;C3
3205;BR-21GS-C3-271-61;C3
3206;BR-21GS-C3-275-1;C3
3207;BR-21GS-C3-278-7;C3
3208;BR-21GS-C3-282-10;C3
3209;BR-21GS-C3-282-28;C3
3210;BR-21GS-C3-258-4;C3
3211;BR-21GS-C3-263-14;C3
3212;BR-21GS-C3-266-3;C3
3213;BR-21GS-C3-268-2;C3
3214;BR-21GS-C3-270-2;C3
3215;BR-21GS-C3-271-7;C3
3216;BR-21GS-C3-271-32;C3
3217;BR-21GS-C3-271-64;C3
3218;BR-21GS-C3-281-2;C3
3219;BR-21GS-C3-282-11;C3
3220;BR-21GS-C3-282-29;C3
3221;BR-21GS-C3-265-4;C3
3222;BR-21GS-C3-266-5;C3
3223;BR-21GS-C3-268-5;C3
3224;BR-21GS-C3-270-3;C3
3225;BR-21GS-C3-271-10;C3
3226;BR-21GS-C3-271-43;C3
3227;BR-21GS-C3-271-66;C3
3228;BR-21GS-C3-275-3;C3
3229;BR-21GS-C3-281-5;C3
3230;BR-21GS-C3-282-12;C3
3231;BR-21GS-C3-283-2;C3
3232;BR-21GS-C3-258-13;C3
3233;BR-21GS-C3-265-8;C3
3234;BR-21GS-C3-266-6;C3
3235;BR-21GS-C3-268-6;C3
3236;BR-21GS-C3-270-4;C3
3237;BR-21GS-C3-271-11;C3
3238;BR-21GS-C3-271-46;C3
3239;BR-21GS-C3-271-73;C3
3240;BR-21GS-C3-277-1;C3
3241;BR-21GS-C3-281-7;C3
3242;BR-21GS-C3-282-18;C3
3243;BR-21GS-C3-284-1;C3
3244;BR-21GS-C3-262-4;C3
3245;BR-21GS-C3-265-9;C3
3246;BR-21GS-C3-266-7;C3
3247;BR-21GS-C3-268-7;C3
3248;BR-21GS-C3-271-1;C3
3249;BR-21GS-C3-271-16;C3
3250;BR-21GS-C3-271-49;C3
3251;BR-21GS-C3-273-2;C3
3252;BR-21GS-C3-277-2;C3
3253;BR-21GS-C3-282-1;C3
3254;BR-21GS-C3-282-19;C3
3255;BR-21GS-C3-284-2;C3
3256;BR-21GS-C3-265-10;C3
3257;BR-21GS-C3-268-8;C3
3258;BR-21GS-C3-271-2;C3
3259;BR-21GS-C3-271-27;C3
3260;BR-21GS-C3-271-54;C3
3261;BR-21GS-C3-274-1;C3
3262;BR-21GS-C3-277-3;C3
3263;BR-21GS-C3-282-6;C3
3264;BR-21GS-C3-284-3;C3
3265;BR-21GS-C3-265-12;C3
3266;BR-21GS-C3-266-10;C3
3267;BR-21GS-C3-268-9;C3
3268;BR-21GS-C3-271-4;C3
3269;BR-21GS-C3-271-28;C3
3270;BR-21GS-C3-271-55;C3
3271;BR-21GS-C3-274-3;C3
3272;BR-21GS-C3-277-4;C3
3273;BR-21GS-C3-282-7;C3
3274;BR-21GS-C3-282-22;C3
3275;BR-21GS-C3-262-12;C3
3276;BR-21GS-C3-266-1;C3
3277;BR-21GS-C3-266-11;C3
3278;BR-21GS-C3-269-1;C3
3279;BR-21GS-C3-271-5;C3
3280;BR-21GS-C3-271-30;C3
3281;BR-21GS-C3-271-57;C3
3282;BR-21GS-C3-274-5;C3
3283;BR-21GS-C3-278-6;C3
3284;BR-21GS-C3-282-9;C3
3285;BR-21GS-C3-282-27;C3
3286;BR-21GS-C3-284-4;C3
3287;BR-21GS-C3-286-1;C3
3288;BR-21GS-C3-286-13;C3
3289;BR-21GS-C3-286-30;C3
3290;BR-21GS-C3-287-8;C3
3291;BR-21GS-C3-288-7;C3
3292;BR-21GS-C3-288-21;C3
3293;BR-21GS-C3-288-34;C3
3294;BR-21GS-C3-289-8;C3
3295;BR-21GS-C3-292-1;C3
3296;BR-21GS-C3-292-15;C3
3297;BR-21GS-C3-284-6;C3
3298;BR-21GS-C3-286-3;C3
3299;BR-21GS-C3-286-14;C3
3300;BR-21GS-C3-286-31;C3
3301;BR-21GS-C3-287-9;C3
3302;BR-21GS-C3-288-9;C3
3303;BR-21GS-C3-288-27;C3
3304;BR-21GS-C3-289-1;C3
3305;BR-21GS-C3-289-10;C3
3306;BR-21GS-C3-292-3;C3
3307;BR-21GS-C3-292-18;C3
3308;BR-21GS-C3-292-30;C3
3309;BR-21GS-C3-284-7;C3
3310;BR-21GS-C3-286-4;C3
3311;BR-21GS-C3-286-15;C3
3312;BR-21GS-C3-286-32;C3
3313;BR-21GS-C3-287-10;C3
3314;BR-21GS-C3-288-11;C3
3315;BR-21GS-C3-288-28;C3
3316;BR-21GS-C3-289-2;C3
3317;BR-21GS-C3-290-1;C3
3318;BR-21GS-C3-292-5;C3
3319;BR-21GS-C3-292-21;C3
3320;BR-21GS-C3-292-31;C3
3321;BR-21GS-C3-285-1;C3
3322;BR-21GS-C3-286-5;C3
3323;BR-21GS-C3-286-33;C3
3324;BR-21GS-C3-287-11;C3
3325;BR-21GS-C3-288-13;C3
3326;BR-21GS-C3-288-29;C3
3327;BR-21GS-C3-289-3;C3
3328;BR-21GS-C3-290-2;C3
3329;BR-21GS-C3-292-6;C3
3330;BR-21GS-C3-292-22;C3
3331;BR-21GS-C3-292-32;C3
3332;BR-21GS-C3-285-4;C3
3333;BR-21GS-C3-286-7;C3
3334;BR-21GS-C3-286-20;C3
3335;BR-21GS-C3-286-37;C3
3336;BR-21GS-C3-288-3;C3
3337;BR-21GS-C3-288-15;C3
3338;BR-21GS-C3-288-30;C3
3339;BR-21GS-C3-289-4;C3
3340;BR-21GS-C3-291-1;C3
3341;BR-21GS-C3-292-9;C3
3342;BR-21GS-C3-292-23;C3
3343;BR-21GS-C3-292-33;C3
3344;BR-21GS-C3-285-5;C3
3345;BR-21GS-C3-286-8;C3
3346;BR-21GS-C3-286-23;C3
3347;BR-21GS-C3-287-2;C3
3348;BR-21GS-C3-288-4;C3
3349;BR-21GS-C3-288-18;C3
3350;BR-21GS-C3-288-31;C3
3351;BR-21GS-C3-289-5;C3
3352;BR-21GS-C3-291-2;C3
3353;BR-21GS-C3-292-10;C3
3354;BR-21GS-C3-292-24;C3
3355;BR-21GS-C3-293-1;C3
3356;BR-21GS-C3-285-7;C3
3357;BR-21GS-C3-286-10;C3
3358;BR-21GS-C3-286-24;C3
3359;BR-21GS-C3-287-3;C3
3360;BR-21GS-C3-288-5;C3
3361;BR-21GS-C3-288-19;C3
3362;BR-21GS-C3-288-32;C3
3363;BR-21GS-C3-289-6;C3
3364;BR-21GS-C3-291-3;C3
3365;BR-21GS-C3-292-11;C3
3366;BR-21GS-C3-292-25;C3
3367;BR-21GS-C3-285-8;C3
3368;BR-21GS-C3-286-11;C3
3369;BR-21GS-C3-286-25;C3
3370;BR-21GS-C3-287-5;C3
3371;BR-21GS-C3-288-6;C3
3372;BR-21GS-C3-288-20;C3
3373;BR-21GS-C3-288-33;C3
3374;BR-21GS-C3-289-7;C3
3375;BR-21GS-C3-291-4;C3
3376;BR-21GS-C3-292-14;C3
3377;BR-21GS-C3-292-26;C3
3378;BR-21GS-C3-293-2;C3
3379;BR-21GS-C3-293-15;C3
3380;BR-21GS-C3-293-24;C3
3381;BR-21GS-C3-295-4;C3
3382;BR-21GS-C3-298-1;C3
3383;BR-21GS-C3-302-2;C3
3384;BR-21GS-C3-302-19;C3
3385;BR-21GS-C3-302-29;C3
3386;BR-21GS-C3-302-40;C3
3387;BR-21GS-C3-302-49;C3
3388;BR-21GS-C3-302-61;C3
3389;BR-21GS-C3-302-79;C3
3390;BR-21GS-C3-293-3;C3
3391;BR-21GS-C3-293-16;C3
3392;BR-21GS-C3-295-5;C3
3393;BR-21GS-C3-298-2;C3
3394;BR-21GS-C3-302-11;C3
3395;BR-21GS-C3-302-20;C3
3396;BR-21GS-C3-302-30;C3
3397;BR-21GS-C3-302-50;C3
3398;BR-21GS-C3-302-62;C3
3399;BR-21GS-C3-302-80;C3
3400;BR-21GS-C3-293-4;C3
3401;BR-21GS-C3-293-17;C3
3402;BR-21GS-C3-293-30;C3
3403;BR-21GS-C3-295-6;C3
3404;BR-21GS-C3-302-12;C3
3405;BR-21GS-C3-302-22;C3
3406;BR-21GS-C3-302-31;C3
3407;BR-21GS-C3-302-43;C3
3408;BR-21GS-C3-302-54;C3
3409;BR-21GS-C3-302-63;C3
3410;BR-21GS-C3-302-81;C3
3411;BR-21GS-C3-293-5;C3
3412;BR-21GS-C3-293-18;C3
3413;BR-21GS-C3-293-31;C3
3414;BR-21GS-C3-295-7;C3
3415;BR-21GS-C3-300-1;C3
3416;BR-21GS-C3-302-14;C3
3417;BR-21GS-C3-302-24;C3
3418;BR-21GS-C3-302-32;C3
3419;BR-21GS-C3-302-44;C3
3420;BR-21GS-C3-302-55;C3
3421;BR-21GS-C3-302-68;C3
3422;BR-21GS-C3-302-85;C3
3423;BR-21GS-C3-293-6;C3
3424;BR-21GS-C3-294-1;C3
3425;BR-21GS-C3-295-8;C3
3426;BR-21GS-C3-300-2;C3
3427;BR-21GS-C3-302-15;C3
3428;BR-21GS-C3-302-25;C3
3429;BR-21GS-C3-302-33;C3
3430;BR-21GS-C3-302-45;C3
3431;BR-21GS-C3-302-56;C3
3432;BR-21GS-C3-302-70;C3
3433;BR-21GS-C3-302-89;C3
3434;BR-21GS-C3-293-8;C3
3435;BR-21GS-C3-293-20;C3
3436;BR-21GS-C3-294-2;C3
3437;BR-21GS-C3-296-2;C3
3438;BR-21GS-C3-301-1;C3
3439;BR-21GS-C3-302-16;C3
3440;BR-21GS-C3-302-26;C3
3441;BR-21GS-C3-302-34;C3
3442;BR-21GS-C3-302-46;C3
3443;BR-21GS-C3-302-57;C3
3444;BR-21GS-C3-302-72;C3
3445;BR-21GS-C3-303-1;C3
3446;BR-21GS-C3-293-9;C3
3447;BR-21GS-C3-293-21;C3
3448;BR-21GS-C3-294-3;C3
3449;BR-21GS-C3-296-3;C3
3450;BR-21GS-C3-301-2;C3
3451;BR-21GS-C3-302-17;C3
3452;BR-21GS-C3-302-27;C3
3453;BR-21GS-C3-302-35;C3
3454;BR-21GS-C3-302-47;C3
3455;BR-21GS-C3-302-58;C3
3456;BR-21GS-C3-302-73;C3
3457;BR-21GS-C3-293-10;C3
3458;BR-21GS-C3-293-23;C3
3459;BR-21GS-C3-294-4;C3
3460;BR-21GS-C3-297-1;C3
3461;BR-21GS-C3-302-1;C3
3462;BR-21GS-C3-302-18;C3
3463;BR-21GS-C3-302-28;C3
3464;BR-21GS-C3-302-39;C3
3465;BR-21GS-C3-302-48;C3
3466;BR-21GS-C3-302-60;C3
3467;BR-21GS-C3-302-78;C3
7;Alemao-Aracruz;RM
8;AM-Jaeve-RN;RM
9;Amarela;RM
10;Amarela-DSL;RM
11;Amarelinha;RM
12;AP;RM
13;Baiana;RM
4073;Cacau-01-CC;RM
4074;Cacau-03-VNI;RM
4075;Cacau-AC;RM
4076;Cacau-amarela;RM
4077;Cacau-amarela-03-VNI;RM
4078;Cacau-branca;RM
4079;Cacau-branca(CCAufes);RM
4080;Cacau-comum-CC;RM
4081;Cacau-comum-SI;RM
4082;Cacau-fogo;RM
4083;Cacau-J;RM
4084;Cacau-Je;RM
4085;Cacau-Nova-Aymores;RM
4086;Cacau-roxa-CC;RM
4087;Cacau-vermelha;RM
4088;Cacauzinha-Ar;RM
4089;Cacauzinha-SM;RM
4090;Caipira-RA;RM
4091;Cana-Verde;RM
4092;Canelinha;RM
4093;Canoua-VNI;RM
4094;Carioquinha;RM
4095;BGM-2094;RM
4096;Ceasa-SOO-1;RM
4097;Cenoura-Ar;RM
4098;Chips-Nova-Aymores;RM
4099;ciganaPreta2;RM
4100;CL-Acre;RM
4101;CL-Rangel;RM
4102;Conquista-1;RM
4103;Conquista-2;RM
4104;corrente;RM
4105;CPAFRO-03;RM
4106;CPAFRO-04;RM
4107;CPAFRO-05;RM
4108;CPAFRO-08;RM
4109;CPAFRO-09;RM
4110;CPAFRO-12;RM
4111;CPAFRO-13;RM
4112;CPAFRO-15;RM
4113;CPAFRO-16;RM
4114;CPAFRO-18;RM
4115;CPAFRO-21;RM
4116;CPAFRO-24;RM
4117;CPAFRO-27;RM
4118;CPAFRO-28;RM
4119;CPAFRO-35;RM
4120;CPAFRO-40;RM
4121;CPAFRO-06;RM
4122;CPAFRO-07;RM
4123;CPAFRO-29;RM
4124;CPAFRO-33;RM
4125;CPAFRO-42;RM
4126;CPAFRO-43;RM
4127;ECU72;RM
4128;Eucalipto(1);RM
4129;Eucalipto-Nova-Aymores;RM
4130;Folha-Fina;RM
4131;Gilmar-1;RM
4132;Guela-de-Jacu;RM
4133;IAC-576(1);RM
4134;Ident-CCA;RM
4135;Inajazinha;RM
4136;Inca;RM
4137;Jacona;RM
4138;Joao-Florestal-1;RM
4139;Joao-Florestal-10;RM
4140;Joao-Florestal-2;RM
4141;Joao-Florestal-3;RM
4142;Joao-Florestal-4;RM
4143;Joao-Florestal-5;RM
4144;Joao-Florestal-6;RM
4145;Joao-Florestal-7;RM
4146;Joao-Florestal-8;RM
4147;Joao-Florestal-9;RM
4148;Mandioca-01-AC;RM
4149;Mandioca-02-AC;RM
4150;Mandioca-rosa;RM
4151;Manteiga;RM
4152;Manteiga-aldeia;RM
4153;Manteiga-amarela;RM
4154;Manteiga-Nova-Aymores;RM
4155;Manteiga-SOO-1;RM
4156;BGM-2291;RM
4157;Manzhitil?;RM
4158;Maragojipe;RM
4159;Nid-1;RM
4160;Nid-2;RM
4161;Nid-3;RM
4162;Nid-4;RM
4163;Nid-5;RM
4164;Pampinha;RM
4165;Pao-do-Chile-PI;RM
4166;Pao-do-Chile-SM;RM
4167;Pao-do-China;RM
4168;Platina;RM
4169;Racha-terra;RM
4170;Rangel-Fadel;RM
4171;Retori;RM
4172;Rosinha;RM
4173;Roxinha-SM;RM
4174;Roxona;RM
4175;RR0065;RM
4176;Santa-Rita-Sapucaia;RM
4177;Sao-Francisco-de-Paula;RM
4178;SE-08;RM
4179;SE-09;RM
4180;BGM-2355;RM
4181;BGM-2356;RM
4182;BGM-2357;RM
4183;Secundina;RM
4184;Tailandesa;RM
4185;Uberlandia-2;RM
4186;Uberlandia-3;RM
4187;Vassourinha-branca;RM
4188;Vassourinha(CCAufes);RM
4189;01-Domingos-Martins;RM
4190;03-DM;RM
4191;04-UFES;RM
4192;05-DM-so-fritar;RM
4193;05-Macaxeira;RM
4194;10-DM;RM
4195;11-Conquista-2;RM
4196;12-DM;RM
4197;BR-11-24-156;RM
4198;BR-11-34-41;RM
4199;BR-11-34-45;RM
4200;BR-11-34-64;RM
4201;BR-11-34-69;RM
4202;2019g-04-01;RM
4203;2019g-04-03;RM
4204;2019g-04-04;RM
4205;2019g-04-06;RM
4206;2019g-05-01;RM
4207;2019g-05-02;RM
4208;2019g-05-03;RM
4209;2019g-05-04;RM
4210;2019g-05-05;RM
4211;2019g-05-06;RM
4212;2019g-05-07;RM
4213;2019g-05-08;RM
4214;2019g-05-09;RM
4215;2019g-05-11;RM
4216;2019g-05-12;RM
4217;2019g-05-13;RM
4218;2019g-05-15;RM
4219;2019g-05-16;RM
4220;2019g-05-17;RM
4221;359-09;RM
4222;5-minutos-SOO-1;RM
4223;7909-04;RM
4224;7909-05;RM
4225;BGM-2123;RM
